customer_id,top_ngram_numbers,top_ngram_words,top_ngram_percentages
CUST_0001,"[72, 131, 324, 271, 1, 344, 270, 345, 268]","['dress', 'exclusive', 'skirt', 'premium', 'blouse', 'stand', 'out', 'need', 'modern']","[7.97, 5.07, 5.07, 4.35, 4.35, 4.35, 4.35, 4.35, 3.62]"
CUST_0002,"[324, 131, 72, 360, 269, 71, 1, 97, 344, 270]","['skirt', 'exclusive', 'dress', 'stylish', 'occasion', 'collection', 'blouse', 'elegant', 'stand', 'out']","[8.45, 8.45, 7.04, 5.63, 4.23, 4.23, 2.82, 2.82, 2.82, 2.82]"
CUST_0003,"[360, 72, 1, 344, 270, 361, 345]","['stylish', 'dress', 'blouse', 'stand', 'out', 'skirt', 'occasion']","[13.33, 8.89, 6.67, 6.67, 6.67, 6.67, 6.67]"
CUST_0004,"[72, 360, 346, 458, 349, 347, 131, 344]","['dress', 'stylish', 'step', 'up', 'style', 'exclusive', 'stand', 'out']","[9.52, 5.95, 4.76, 4.76, 4.76, 4.76, 4.76, 4.76]"
CUST_0005,"[72, 1, 344, 270, 345, 346, 458, 349]","['dress', 'blouse', 'stand', 'out', 'step', 'up', 'style', 'stylish']","[7.53, 6.45, 5.38, 5.38, 5.38, 5.38, 5.38, 5.38]"
CUST_0006,"[72, 324, 131, 271, 268, 97, 346, 458, 349]","['dress', 'skirt', 'exclusive', 'premium', 'need', 'elegant', 'step', 'up', 'style']","[11.96, 6.52, 5.43, 5.43, 5.43, 5.43, 5.43, 5.43, 5.43]"
CUST_0007,"[1, 131, 360, 72, 324, 344, 270, 345, 271]","['blouse', 'exclusive', 'stylish', 'dress', 'skirt', 'stand', 'out', 'premium', 'need']","[9.89, 7.69, 5.49, 5.49, 4.4, 4.4, 4.4, 4.4, 4.4]"
CUST_0008,"[324, 360, 1, 271, 72, 344, 270, 345]","['skirt', 'stylish', 'blouse', 'premium', 'dress', 'stand', 'out', 'exclusive']","[7.27, 7.27, 5.45, 5.45, 5.45, 5.45, 5.45, 5.45]"
CUST_0009,"[324, 360, 234, 344, 270, 345, 72, 1, 268]","['skirt', 'stylish', 'modern', 'stand', 'out', 'dress', 'blouse', 'need', 'elegant']","[8.33, 8.33, 5.56, 5.56, 5.56, 5.56, 5.56, 5.56, 5.56]"
CUST_0010,"[72, 131, 97, 324, 71, 102, 271, 1, 268]","['dress', 'exclusive', 'elegant', 'skirt', 'collection', 'premium', 'blouse', 'need', 'step']","[8.33, 7.41, 5.56, 4.63, 4.63, 3.7, 3.7, 3.7, 2.78]"
CUST_0011,"[360, 324, 346, 458, 349, 347, 1, 268]","['stylish', 'skirt', 'step', 'up', 'style', 'blouse', 'need', 'exclusive']","[7.22, 7.22, 7.22, 7.22, 7.22, 7.22, 6.19, 5.15]"
CUST_0012,"[72, 1, 131, 271, 97, 268, 346, 458, 349]","['dress', 'blouse', 'exclusive', 'premium', 'elegant', 'need', 'step', 'up', 'style']","[8.33, 8.33, 6.67, 5.0, 5.0, 5.0, 3.33, 3.33, 3.33]"
CUST_0013,"[72, 360, 271, 324, 97, 367, 268, 293]","['dress', 'stylish', 'premium', 'skirt', 'elegant', 'need', 'step', 'up']","[12.0, 6.0, 6.0, 6.0, 6.0, 4.0, 4.0, 4.0]"
CUST_0014,"[271, 1, 131, 71, 324, 344, 270, 345, 360]","['premium', 'blouse', 'exclusive', 'collection', 'skirt', 'stand', 'out', 'stylish', 'dress']","[7.81, 7.81, 6.25, 6.25, 4.69, 4.69, 4.69, 4.69, 3.12]"
CUST_0015,"[131, 1, 269, 324, 182, 72, 147, 346]","['exclusive', 'blouse', 'occasion', 'skirt', 'dress', 'step', 'up', 'style']","[13.51, 10.81, 5.41, 5.41, 5.41, 2.7, 2.7, 2.7]"
CUST_0016,"[1, 360, 72, 97, 346, 458, 349]","['blouse', 'stylish', 'dress', 'elegant', 'step', 'up', 'style']","[8.57, 7.14, 7.14, 5.71, 5.71, 5.71, 5.71]"
CUST_0017,"[1, 97, 98, 346, 458, 349, 72, 347]","['blouse', 'elegant', 'step', 'up', 'style', 'dress', 'stylish', 'exclusive']","[10.64, 6.38, 4.26, 4.26, 4.26, 4.26, 4.26, 4.26]"
CUST_0018,"[324, 268, 131, 271, 293, 1, 97]","['skirt', 'need', 'exclusive', 'premium', 'blouse', 'elegant', 'stylish']","[13.33, 8.89, 8.89, 4.44, 4.44, 4.44, 4.44]"
CUST_0019,"[324, 131, 271, 72, 71, 293, 360]","['skirt', 'exclusive', 'premium', 'dress', 'collection', 'stylish', 'blouse']","[8.89, 6.67, 6.67, 4.44, 4.44, 4.44, 4.44]"
CUST_0020,"[268, 72, 271, 324, 293, 346, 458, 349, 360]","['need', 'dress', 'premium', 'skirt', 'step', 'up', 'style', 'stylish', 'blouse']","[8.7, 8.7, 4.35, 4.35, 4.35, 4.35, 4.35, 4.35, 4.35]"
CUST_0021,"[1, 131, 97, 98, 324, 344, 270]","['blouse', 'exclusive', 'elegant', 'skirt', 'stand', 'out', 'collection']","[9.38, 7.81, 4.69, 4.69, 4.69, 4.69, 4.69]"
CUST_0022,"[1, 131, 324, 132, 271, 97, 346, 458]","['blouse', 'exclusive', 'skirt', 'premium', 'elegant', 'step', 'up', 'style']","[12.24, 10.2, 8.16, 6.12, 6.12, 4.08, 4.08, 4.08]"
CUST_0023,"[324, 360, 72, 344, 270, 345, 234, 131, 71]","['skirt', 'stylish', 'dress', 'stand', 'out', 'modern', 'exclusive', 'collection', 'elegant']","[6.1, 6.1, 6.1, 4.88, 4.88, 4.88, 3.66, 3.66, 3.66]"
CUST_0024,"[271, 1, 72, 131, 324, 234, 344, 270, 345]","['premium', 'blouse', 'dress', 'exclusive', 'skirt', 'modern', 'stand', 'out', 'collection']","[7.84, 7.84, 5.88, 5.88, 5.88, 5.88, 3.92, 3.92, 3.92]"
CUST_0025,"[271, 72, 1, 324, 131, 269, 277, 360, 268]","['premium', 'dress', 'blouse', 'skirt', 'exclusive', 'occasion', 'stylish', 'need', 'step']","[8.33, 6.25, 6.25, 6.25, 4.17, 4.17, 4.17, 4.17, 4.17]"
CUST_0026,"[72, 346, 458, 349, 347, 324, 234, 240]","['dress', 'step', 'up', 'style', 'skirt', 'modern', 'exclusive', 'stylish']","[9.72, 6.94, 6.94, 6.94, 6.94, 6.94, 5.56, 5.56]"
CUST_0027,"[72, 97, 1, 360, 367, 324, 98, 234]","['dress', 'elegant', 'blouse', 'stylish', 'skirt', 'modern', 'exclusive', 'collection']","[9.09, 6.82, 6.82, 6.82, 6.82, 4.55, 4.55, 4.55]"
CUST_0028,"[1, 269, 131, 234, 324, 360, 71, 271, 272]","['blouse', 'occasion', 'exclusive', 'modern', 'skirt', 'stylish', 'collection', 'premium', 'stand']","[9.52, 7.14, 7.14, 4.76, 4.76, 4.76, 4.76, 2.38, 2.38]"
CUST_0029,"[72, 1, 344, 270, 345, 271, 269, 131, 97]","['dress', 'blouse', 'stand', 'out', 'premium', 'occasion', 'exclusive', 'elegant', 'step']","[7.61, 6.52, 5.43, 5.43, 5.43, 5.43, 4.35, 4.35, 3.26]"
CUST_0030,"[1, 271, 72, 131, 346, 458, 349, 347, 71]","['blouse', 'premium', 'dress', 'exclusive', 'step', 'up', 'style', 'collection', 'elegant']","[6.48, 5.56, 5.56, 5.56, 4.63, 4.63, 4.63, 4.63, 4.63]"
CUST_0031,"[324, 97, 268, 1, 360, 344, 270, 345, 346]","['skirt', 'elegant', 'need', 'blouse', 'stylish', 'stand', 'out', 'step', 'up']","[8.05, 6.9, 6.9, 6.9, 4.6, 4.6, 4.6, 4.6, 4.6]"
CUST_0032,"[360, 72, 324, 344, 270, 345, 131, 268]","['stylish', 'dress', 'skirt', 'stand', 'out', 'exclusive', 'need', 'blouse']","[9.28, 8.25, 6.19, 6.19, 6.19, 6.19, 5.15, 4.12]"
CUST_0033,"[324, 131, 346, 458, 349, 347, 72, 182]","['skirt', 'exclusive', 'step', 'up', 'style', 'dress', 'blouse', 'elegant']","[8.7, 5.43, 5.43, 5.43, 5.43, 5.43, 4.35, 4.35]"
CUST_0034,"[1, 131, 360, 72, 346, 458, 349, 347, 97]","['blouse', 'exclusive', 'stylish', 'dress', 'step', 'up', 'style', 'elegant', 'collection']","[8.93, 7.14, 5.36, 5.36, 4.46, 4.46, 4.46, 4.46, 3.57]"
CUST_0035,"[1, 271, 346, 458, 349, 347, 97, 324, 131]","['blouse', 'premium', 'step', 'up', 'style', 'elegant', 'skirt', 'exclusive', 'stylish']","[9.84, 6.56, 4.92, 4.92, 4.92, 4.92, 4.92, 4.92, 4.92]"
CUST_0036,"[324, 131, 360, 1, 71, 346, 458, 349]","['skirt', 'exclusive', 'stylish', 'blouse', 'collection', 'step', 'up', 'style']","[10.0, 6.0, 6.0, 6.0, 4.0, 4.0, 4.0, 4.0]"
CUST_0037,"[360, 324, 1, 97, 72, 346, 458, 349]","['stylish', 'skirt', 'blouse', 'elegant', 'dress', 'step', 'up', 'style']","[6.74, 6.74, 5.62, 5.62, 5.62, 4.49, 4.49, 4.49]"
CUST_0038,"[324, 234, 344, 270, 345, 271, 268]","['skirt', 'modern', 'stand', 'out', 'premium', 'need', 'blouse']","[11.9, 7.14, 7.14, 7.14, 7.14, 4.76, 4.76]"
CUST_0039,"[324, 72, 360, 344, 270, 367, 345, 131]","['skirt', 'dress', 'stylish', 'stand', 'out', 'exclusive', 'elegant', 'need']","[10.0, 10.0, 6.67, 6.67, 6.67, 6.67, 6.67, 6.67]"
CUST_0040,"[72, 131, 1, 360, 269, 367, 234, 71]","['dress', 'exclusive', 'blouse', 'stylish', 'occasion', 'modern', 'collection', 'elegant']","[10.59, 7.06, 5.88, 4.71, 4.71, 4.71, 4.71, 3.53]"
CUST_0041,"[72, 131, 1, 268, 360, 324, 269, 271]","['dress', 'exclusive', 'blouse', 'need', 'stylish', 'skirt', 'occasion', 'premium']","[8.77, 7.02, 7.02, 7.02, 5.26, 5.26, 5.26, 5.26]"
CUST_0042,"[268, 97, 72, 324, 131, 1, 344, 270]","['need', 'elegant', 'dress', 'skirt', 'exclusive', 'blouse', 'stand', 'out']","[10.34, 8.62, 8.62, 6.9, 5.17, 5.17, 5.17, 5.17]"
CUST_0043,"[344, 270, 345, 324, 72, 268, 360, 97]","['stand', 'out', 'skirt', 'dress', 'need', 'stylish', 'elegant', 'blouse']","[9.43, 9.43, 9.43, 7.55, 5.66, 5.66, 5.66, 5.66]"
CUST_0044,"[324, 72, 131, 268, 271, 97, 182, 293]","['skirt', 'dress', 'exclusive', 'need', 'premium', 'elegant', 'step', 'up']","[11.11, 7.78, 6.67, 6.67, 6.67, 5.56, 4.44, 4.44]"
CUST_0045,"[131, 72, 324, 268, 97, 271, 71, 277, 344]","['exclusive', 'dress', 'skirt', 'need', 'elegant', 'premium', 'collection', 'stand', 'out']","[8.33, 8.33, 7.14, 4.76, 4.76, 3.57, 3.57, 3.57, 3.57]"
CUST_0046,"[97, 72, 324, 1, 346, 458, 349, 347]","['elegant', 'dress', 'skirt', 'blouse', 'step', 'up', 'style', 'exclusive']","[10.34, 10.34, 5.17, 5.17, 3.45, 3.45, 3.45, 3.45]"
CUST_0047,"[72, 271, 277, 131, 71]","['dress', 'premium', 'exclusive', 'collection', 'elegant']","[11.36, 9.09, 9.09, 6.82, 6.82]"
CUST_0048,"[324, 97, 344, 270, 345, 131, 72, 360, 1]","['skirt', 'elegant', 'stand', 'out', 'exclusive', 'dress', 'stylish', 'blouse', 'step']","[8.57, 5.71, 5.71, 5.71, 5.71, 5.71, 4.29, 4.29, 4.29]"
CUST_0049,"[131, 360, 72, 324, 1, 344, 270, 361]","['exclusive', 'stylish', 'dress', 'skirt', 'blouse', 'stand', 'out', 'premium']","[8.77, 8.77, 7.02, 7.02, 5.26, 5.26, 5.26, 5.26]"
CUST_0050,"[72, 131, 147, 97, 344, 270, 345]","['dress', 'exclusive', 'elegant', 'stand', 'out', 'occasion', 'need']","[14.55, 9.09, 5.45, 5.45, 5.45, 5.45, 5.45]"
CUST_0051,"[324, 131, 97, 71, 234, 1, 346, 458, 349]","['skirt', 'exclusive', 'elegant', 'collection', 'modern', 'blouse', 'step', 'up', 'style']","[9.09, 5.45, 5.45, 5.45, 3.64, 3.64, 3.64, 3.64, 3.64]"
CUST_0052,"[131, 72, 344, 270, 345, 324, 1, 271]","['exclusive', 'dress', 'stand', 'out', 'skirt', 'blouse', 'premium', 'collection']","[10.0, 7.14, 5.71, 5.71, 5.71, 5.71, 4.29, 4.29]"
CUST_0053,"[1, 97, 271, 324, 72, 268, 277, 346, 458]","['blouse', 'elegant', 'premium', 'skirt', 'dress', 'need', 'step', 'up', 'style']","[8.0, 6.67, 5.33, 5.33, 5.33, 4.0, 4.0, 4.0, 4.0]"
CUST_0054,"[1, 131, 72, 97, 268, 360, 98]","['blouse', 'exclusive', 'dress', 'elegant', 'need', 'stylish', 'premium']","[10.29, 7.35, 5.88, 5.88, 4.41, 4.41, 4.41]"
CUST_0055,"[1, 360, 131, 71, 97, 324, 98]","['blouse', 'stylish', 'exclusive', 'collection', 'elegant', 'skirt', 'dress']","[7.0, 7.0, 6.0, 6.0, 4.0, 4.0, 3.0]"
CUST_0056,"[131, 72, 71, 324, 271]","['exclusive', 'dress', 'collection', 'skirt', 'premium']","[11.11, 9.26, 7.41, 5.56, 5.56]"
CUST_0057,"[271, 324, 1, 344, 270, 345, 72, 277]","['premium', 'skirt', 'blouse', 'stand', 'out', 'dress', 'step', 'up']","[6.58, 6.58, 6.58, 6.58, 6.58, 6.58, 5.26, 3.95]"
CUST_0058,"[131, 324, 71, 1, 72, 325, 132]","['exclusive', 'skirt', 'collection', 'blouse', 'dress', 'stand', 'out']","[11.67, 6.67, 5.0, 5.0, 5.0, 3.33, 3.33]"
CUST_0059,"[360, 72, 367, 324, 1, 271, 344, 270]","['stylish', 'dress', 'skirt', 'blouse', 'premium', 'stand', 'out', 'exclusive']","[8.22, 8.22, 6.85, 6.85, 5.48, 5.48, 4.11, 4.11]"
CUST_0060,"[271, 1, 324, 97, 131, 72, 269, 98]","['premium', 'blouse', 'skirt', 'elegant', 'exclusive', 'dress', 'occasion', 'stand']","[7.27, 7.27, 7.27, 5.45, 5.45, 5.45, 3.64, 3.64]"
CUST_0061,"[324, 72, 131, 269, 346, 458, 349, 97, 347]","['skirt', 'dress', 'exclusive', 'occasion', 'step', 'up', 'style', 'elegant', 'modern']","[9.52, 7.14, 4.76, 4.76, 4.76, 4.76, 4.76, 4.76, 4.76]"
CUST_0062,"[1, 360, 324, 346, 458, 349, 271, 347]","['blouse', 'stylish', 'skirt', 'step', 'up', 'style', 'premium', 'exclusive']","[10.94, 6.25, 4.69, 4.69, 4.69, 4.69, 4.69, 4.69]"
CUST_0063,"[344, 270, 345, 72, 234, 240, 360]","['stand', 'out', 'dress', 'modern', 'stylish', 'skirt', 'need']","[11.54, 11.54, 11.54, 11.54, 7.69, 7.69, 3.85]"
CUST_0064,"[271, 72, 268, 277, 324, 1, 344]","['premium', 'dress', 'need', 'skirt', 'blouse', 'stand', 'out']","[12.77, 10.64, 10.64, 6.38, 6.38, 4.26, 4.26]"
CUST_0065,"[131, 1, 324, 72, 344, 270, 345, 346, 458]","['exclusive', 'blouse', 'skirt', 'dress', 'stand', 'out', 'step', 'up', 'style']","[8.18, 5.45, 5.45, 4.55, 4.55, 4.55, 4.55, 4.55, 4.55]"
CUST_0066,"[360, 1, 361, 131, 324, 346, 458, 349]","['stylish', 'blouse', 'exclusive', 'skirt', 'step', 'up', 'style', 'dress']","[8.33, 8.33, 5.56, 5.56, 5.56, 4.17, 4.17, 4.17]"
CUST_0067,"[131, 1, 360, 72, 71, 268]","['exclusive', 'blouse', 'stylish', 'dress', 'collection', 'need']","[8.57, 8.57, 5.71, 5.71, 5.71, 5.71]"
CUST_0068,"[72, 131, 271, 1, 324, 346, 458, 349, 347]","['dress', 'exclusive', 'premium', 'blouse', 'skirt', 'step', 'up', 'style', 'elegant']","[8.99, 6.74, 5.62, 4.49, 4.49, 4.49, 4.49, 4.49, 4.49]"
CUST_0069,"[72, 271, 268, 324, 277, 293, 234]","['dress', 'premium', 'need', 'skirt', 'modern', 'stand', 'out']","[12.5, 12.5, 10.71, 8.93, 7.14, 5.36, 3.57]"
CUST_0070,"[72, 360, 1, 131, 271, 324, 344, 270, 345]","['dress', 'stylish', 'blouse', 'exclusive', 'premium', 'skirt', 'stand', 'out', 'step']","[7.37, 6.32, 6.32, 5.26, 5.26, 4.21, 4.21, 4.21, 4.21]"
CUST_0071,"[271, 72, 268, 277, 131, 1, 324, 71, 346]","['premium', 'dress', 'need', 'exclusive', 'blouse', 'skirt', 'collection', 'step', 'up']","[9.43, 7.55, 5.66, 5.66, 5.66, 5.66, 3.77, 3.77, 3.77]"
CUST_0072,"[1, 324, 360, 131, 344, 270, 345, 271, 269]","['blouse', 'skirt', 'stylish', 'exclusive', 'stand', 'out', 'premium', 'occasion', 'collection']","[8.0, 6.67, 5.33, 5.33, 5.33, 5.33, 5.33, 4.0, 4.0]"
CUST_0073,"[97, 72, 324, 1, 131, 268, 346, 458, 349]","['elegant', 'dress', 'skirt', 'blouse', 'exclusive', 'need', 'step', 'up', 'style']","[10.0, 8.75, 6.25, 6.25, 5.0, 5.0, 3.75, 3.75, 3.75]"
CUST_0074,"[324, 131, 346, 458, 349, 97, 347]","['skirt', 'exclusive', 'step', 'up', 'style', 'elegant', 'occasion']","[13.16, 7.89, 5.26, 5.26, 5.26, 5.26, 5.26]"
CUST_0075,"[324, 271, 131, 293, 346, 458, 349, 347]","['skirt', 'premium', 'exclusive', 'step', 'up', 'style', 'dress', 'blouse']","[8.22, 6.85, 5.48, 5.48, 5.48, 5.48, 5.48, 5.48]"
CUST_0076,"[72, 131, 97, 71, 1, 324, 268, 360, 269]","['dress', 'exclusive', 'elegant', 'collection', 'blouse', 'skirt', 'need', 'stylish', 'occasion']","[9.09, 8.08, 7.07, 5.05, 5.05, 4.04, 4.04, 3.03, 3.03]"
CUST_0077,"[131, 324, 1, 182, 360, 72, 71, 97, 269]","['exclusive', 'skirt', 'blouse', 'stylish', 'dress', 'collection', 'elegant', 'occasion', 'stand']","[9.78, 6.52, 6.52, 4.35, 4.35, 4.35, 4.35, 4.35, 3.26]"
CUST_0078,"[1, 131, 271, 72, 71, 272, 234]","['blouse', 'exclusive', 'premium', 'dress', 'collection', 'modern', 'skirt']","[8.2, 8.2, 6.56, 6.56, 4.92, 3.28, 3.28]"
CUST_0079,"[97, 72, 1, 98, 131, 71, 155, 346]","['elegant', 'dress', 'blouse', 'exclusive', 'collection', 'step', 'up', 'style']","[8.89, 6.67, 6.67, 6.67, 4.44, 4.44, 4.44, 4.44]"
CUST_0080,"[72, 1, 131, 97, 344, 270, 345, 346, 458]","['dress', 'blouse', 'exclusive', 'elegant', 'stand', 'out', 'step', 'up', 'style']","[8.97, 7.69, 6.41, 6.41, 5.13, 5.13, 5.13, 3.85, 3.85]"
CUST_0081,"[1, 97, 131, 71, 360, 346, 458, 349, 347]","['blouse', 'elegant', 'exclusive', 'collection', 'stylish', 'step', 'up', 'style', 'dress']","[8.57, 7.14, 5.71, 4.29, 4.29, 4.29, 4.29, 4.29, 4.29]"
CUST_0082,"[131, 72, 324, 1, 344, 270, 345, 360, 97]","['exclusive', 'dress', 'skirt', 'blouse', 'stand', 'out', 'stylish', 'elegant', 'collection']","[6.09, 6.09, 5.22, 5.22, 4.35, 4.35, 4.35, 4.35, 3.48]"
CUST_0083,"[324, 131, 344, 270, 345, 269, 234, 256]","['skirt', 'exclusive', 'stand', 'out', 'occasion', 'modern', 'elegant', 'blouse']","[11.11, 11.11, 6.67, 6.67, 6.67, 6.67, 4.44, 4.44]"
CUST_0084,"[1, 97, 268, 360, 72, 98, 346, 458]","['blouse', 'elegant', 'need', 'stylish', 'dress', 'step', 'up', 'style']","[10.42, 8.33, 8.33, 6.25, 6.25, 4.17, 4.17, 4.17]"
CUST_0085,"[360, 344, 270, 345, 324, 72, 367]","['stylish', 'stand', 'out', 'skirt', 'dress', 'exclusive', 'occasion']","[9.62, 9.62, 9.62, 9.62, 7.69, 7.69, 5.77]"
CUST_0086,"[268, 324, 131, 1, 97, 271, 118]","['need', 'skirt', 'exclusive', 'blouse', 'elegant', 'premium', 'stylish']","[14.89, 12.77, 8.51, 8.51, 6.38, 4.26, 4.26]"
CUST_0087,"[72, 346, 458, 349, 347, 1, 234, 240]","['dress', 'step', 'up', 'style', 'blouse', 'modern', 'exclusive', 'stylish']","[11.11, 7.41, 7.41, 7.41, 7.41, 5.56, 5.56, 5.56]"
CUST_0088,"[97, 324, 72, 360, 385, 1, 344]","['elegant', 'skirt', 'dress', 'stylish', 'blouse', 'stand', 'out']","[8.06, 6.45, 6.45, 4.84, 4.84, 4.84, 4.84]"
CUST_0089,"[72, 346, 458, 349, 324, 347, 131, 234, 271]","['dress', 'step', 'up', 'style', 'skirt', 'exclusive', 'modern', 'premium', 'elegant']","[10.29, 4.41, 4.41, 4.41, 4.41, 4.41, 4.41, 4.41, 4.41]"
CUST_0090,"[72, 1, 346, 458, 349, 347, 271, 277]","['dress', 'blouse', 'step', 'up', 'style', 'premium', 'elegant', 'modern']","[8.2, 6.56, 4.92, 4.92, 4.92, 4.92, 4.92, 4.92]"
CUST_0091,"[1, 72, 344, 270, 345, 324, 131, 234]","['blouse', 'dress', 'stand', 'out', 'skirt', 'exclusive', 'modern', 'stylish']","[7.69, 5.77, 5.77, 5.77, 5.77, 5.77, 5.77, 3.85]"
CUST_0092,"[1, 97, 72, 360, 271, 131, 98, 269]","['blouse', 'elegant', 'dress', 'stylish', 'premium', 'exclusive', 'occasion', 'need']","[11.65, 5.83, 5.83, 4.85, 4.85, 3.88, 3.88, 3.88]"
CUST_0093,"[97, 268, 72, 131, 346, 458, 349, 1, 347]","['elegant', 'need', 'dress', 'exclusive', 'step', 'up', 'style', 'blouse', 'skirt']","[7.69, 7.69, 7.69, 7.69, 5.77, 5.77, 5.77, 5.77, 5.77]"
CUST_0094,"[324, 268, 97, 1, 131, 72, 147]","['skirt', 'need', 'elegant', 'blouse', 'exclusive', 'dress', 'premium']","[9.68, 9.68, 6.45, 6.45, 6.45, 6.45, 6.45]"
CUST_0095,"[1, 72, 268, 131, 346, 458, 349, 360, 347]","['blouse', 'dress', 'need', 'exclusive', 'step', 'up', 'style', 'stylish', 'premium']","[8.82, 5.88, 5.88, 5.88, 5.88, 5.88, 5.88, 5.88, 5.88]"
CUST_0096,"[324, 72, 360, 385, 344, 270, 345, 269]","['skirt', 'dress', 'stylish', 'stand', 'out', 'occasion', 'premium', 'modern']","[8.7, 7.61, 7.61, 5.43, 4.35, 4.35, 4.35, 4.35]"
CUST_0097,"[72, 268, 131, 271, 277, 97, 1, 346, 458]","['dress', 'need', 'exclusive', 'premium', 'elegant', 'blouse', 'step', 'up', 'style']","[10.0, 8.57, 7.14, 7.14, 5.71, 4.29, 4.29, 4.29, 4.29]"
CUST_0098,"[324, 72, 97, 1, 271, 344, 270, 345, 131]","['skirt', 'dress', 'elegant', 'blouse', 'premium', 'stand', 'out', 'exclusive', 'stylish']","[6.85, 6.85, 5.48, 5.48, 5.48, 4.11, 4.11, 4.11, 4.11]"
CUST_0099,"[324, 360, 72, 268, 346, 458, 349, 97, 347]","['skirt', 'stylish', 'dress', 'need', 'step', 'up', 'style', 'elegant', 'exclusive']","[9.09, 6.36, 5.45, 4.55, 4.55, 4.55, 4.55, 4.55, 4.55]"
CUST_0100,"[72, 131, 344, 270, 147, 345, 360, 1]","['dress', 'exclusive', 'stand', 'out', 'stylish', 'blouse', 'skirt', 'step']","[8.96, 7.46, 5.97, 5.97, 5.97, 5.97, 5.97, 4.48]"
CUST_0101,"[1, 131, 268, 234, 324, 72, 240, 346, 458]","['blouse', 'exclusive', 'need', 'modern', 'skirt', 'dress', 'step', 'up', 'style']","[9.76, 7.32, 7.32, 7.32, 4.88, 4.88, 4.88, 4.88, 4.88]"
CUST_0102,"[72, 271, 346, 458, 349, 347, 277, 97]","['dress', 'premium', 'step', 'up', 'style', 'elegant', 'blouse', 'stand']","[8.33, 8.33, 6.67, 6.67, 6.67, 6.67, 6.67, 5.0]"
CUST_0103,"[72, 346, 458, 349, 347, 271, 131, 324]","['dress', 'step', 'up', 'style', 'premium', 'exclusive', 'skirt', 'elegant']","[10.53, 8.77, 8.77, 8.77, 8.77, 7.02, 5.26, 5.26]"
CUST_0104,"[1, 344, 270, 345, 324, 360, 72, 97]","['blouse', 'stand', 'out', 'skirt', 'stylish', 'dress', 'elegant', 'need']","[6.9, 6.9, 6.9, 6.9, 6.9, 5.75, 5.75, 4.6]"
CUST_0105,"[131, 72, 324, 147, 344, 270, 345, 271]","['exclusive', 'dress', 'skirt', 'stand', 'out', 'premium', 'blouse', 'occasion']","[7.69, 7.69, 7.69, 5.77, 5.77, 5.77, 5.77, 3.85]"
CUST_0106,"[72, 97, 360, 324, 346, 458, 349, 347, 344]","['dress', 'elegant', 'stylish', 'skirt', 'step', 'up', 'style', 'stand', 'out']","[8.2, 5.74, 5.74, 5.74, 4.92, 4.92, 4.92, 4.92, 4.92]"
CUST_0107,"[346, 458, 349, 347, 72, 271, 324, 1, 360]","['step', 'up', 'style', 'dress', 'premium', 'skirt', 'blouse', 'stylish', 'elegant']","[8.16, 8.16, 8.16, 8.16, 6.12, 6.12, 6.12, 6.12, 4.08]"
CUST_0108,"[1, 97, 324, 268, 72, 346, 458, 349, 347]","['blouse', 'elegant', 'skirt', 'need', 'dress', 'step', 'up', 'style', 'premium']","[7.59, 6.33, 5.06, 5.06, 5.06, 5.06, 5.06, 5.06, 5.06]"
CUST_0109,"[72, 324, 271, 131, 344, 270, 345, 268]","['dress', 'skirt', 'premium', 'exclusive', 'stand', 'out', 'need', 'stylish']","[7.77, 7.77, 5.83, 4.85, 4.85, 4.85, 4.85, 3.88]"
CUST_0110,"[360, 72, 1, 344, 270, 345, 367]","['stylish', 'dress', 'blouse', 'stand', 'out', 'skirt', 'occasion']","[12.86, 8.57, 7.14, 7.14, 7.14, 7.14, 5.71]"
CUST_0111,"[346, 458, 349, 347, 72, 360, 1, 131, 324]","['step', 'up', 'style', 'dress', 'stylish', 'blouse', 'exclusive', 'skirt', 'need']","[7.78, 7.78, 7.78, 7.78, 6.67, 6.67, 6.67, 4.44, 4.44]"
CUST_0112,"[72, 271, 277, 131, 360, 71, 346, 458, 349]","['dress', 'premium', 'exclusive', 'stylish', 'collection', 'step', 'up', 'style', 'blouse']","[9.89, 7.69, 5.49, 5.49, 4.4, 4.4, 3.3, 3.3, 3.3]"
CUST_0113,"[324, 360, 1, 346, 458, 349, 347]","['skirt', 'stylish', 'blouse', 'step', 'up', 'style', 'elegant']","[9.78, 8.7, 7.61, 5.43, 5.43, 5.43, 5.43]"
CUST_0114,"[72, 131, 324, 97, 1, 271, 344, 270, 345]","['dress', 'exclusive', 'skirt', 'elegant', 'blouse', 'premium', 'stand', 'out', 'stylish']","[8.57, 7.14, 7.14, 4.29, 4.29, 4.29, 4.29, 4.29, 4.29]"
CUST_0115,"[1, 360, 344, 270, 345, 97]","['blouse', 'stylish', 'stand', 'out', 'elegant', 'dress']","[12.2, 9.76, 9.76, 9.76, 9.76, 9.76]"
CUST_0116,"[324, 268, 72, 97, 360, 385, 234, 271, 269]","['skirt', 'need', 'dress', 'elegant', 'stylish', 'modern', 'premium', 'occasion', 'blouse']","[10.14, 5.8, 5.8, 5.8, 4.35, 4.35, 4.35, 4.35, 4.35]"
CUST_0117,"[72, 1, 271, 344, 270, 345, 324, 360, 131]","['dress', 'blouse', 'premium', 'stand', 'out', 'skirt', 'stylish', 'exclusive', 'modern']","[7.53, 6.45, 5.38, 4.3, 4.3, 4.3, 4.3, 4.3, 4.3]"
CUST_0118,"[1, 324, 346, 458, 349, 360, 347, 97, 344]","['blouse', 'skirt', 'step', 'up', 'style', 'stylish', 'elegant', 'stand', 'out']","[9.3, 6.98, 6.98, 6.98, 6.98, 6.98, 6.98, 6.98, 4.65]"
CUST_0119,"[72, 360, 324, 344, 270, 345, 271, 234]","['dress', 'stylish', 'skirt', 'stand', 'out', 'premium', 'modern', 'blouse']","[10.34, 6.9, 6.9, 6.9, 6.9, 6.9, 6.9, 3.45]"
CUST_0120,"[324, 131, 72, 346, 458, 349, 360, 1, 347]","['skirt', 'exclusive', 'dress', 'step', 'up', 'style', 'stylish', 'blouse', 'elegant']","[6.8, 6.8, 6.8, 4.85, 4.85, 4.85, 4.85, 4.85, 4.85]"
CUST_0121,"[72, 131, 324, 346, 458, 349, 347, 268, 97]","['dress', 'exclusive', 'skirt', 'step', 'up', 'style', 'need', 'elegant', 'stylish']","[8.97, 6.41, 6.41, 5.13, 5.13, 5.13, 5.13, 3.85, 3.85]"
CUST_0122,"[131, 1, 72, 324, 360, 97, 344, 270]","['exclusive', 'blouse', 'dress', 'skirt', 'stylish', 'elegant', 'stand', 'out']","[7.41, 7.41, 5.56, 5.56, 5.56, 5.56, 3.7, 3.7]"
CUST_0123,"[97, 131, 72, 268, 1, 360, 344, 270]","['elegant', 'exclusive', 'dress', 'need', 'blouse', 'stylish', 'stand', 'out']","[8.45, 8.45, 7.04, 5.63, 5.63, 4.23, 4.23, 4.23]"
CUST_0124,"[1, 324, 131, 344, 270, 345, 360, 71]","['blouse', 'skirt', 'exclusive', 'stand', 'out', 'stylish', 'collection', 'need']","[8.57, 8.57, 7.14, 7.14, 7.14, 7.14, 5.71, 4.29]"
CUST_0125,"[1, 131, 97, 71, 98]","['blouse', 'exclusive', 'elegant', 'collection', 'dress']","[8.89, 6.67, 6.67, 6.67, 6.67]"
CUST_0126,"[131, 1, 324, 97, 271, 272, 268, 269]","['exclusive', 'blouse', 'skirt', 'elegant', 'premium', 'need', 'occasion', 'collection']","[8.62, 8.62, 6.9, 5.17, 5.17, 5.17, 5.17, 3.45]"
CUST_0127,"[72, 346, 458, 349, 347, 360, 1, 271, 324]","['dress', 'step', 'up', 'style', 'stylish', 'blouse', 'premium', 'skirt', 'exclusive']","[7.63, 5.93, 5.93, 5.93, 5.93, 5.93, 5.08, 5.08, 5.08]"
CUST_0128,"[360, 1, 131, 324, 361, 97, 72]","['stylish', 'blouse', 'exclusive', 'skirt', 'elegant', 'dress', 'collection']","[8.47, 6.78, 6.78, 6.78, 5.08, 5.08, 5.08]"
CUST_0129,"[324, 268, 271, 72, 131, 344, 270, 345]","['skirt', 'need', 'premium', 'dress', 'exclusive', 'stand', 'out', 'occasion']","[13.33, 8.89, 6.67, 6.67, 6.67, 6.67, 6.67, 6.67]"
CUST_0130,"[1, 234, 324, 131, 346, 458, 349, 347, 72]","['blouse', 'modern', 'skirt', 'exclusive', 'step', 'up', 'style', 'dress', 'need']","[7.32, 6.1, 6.1, 6.1, 4.88, 4.88, 4.88, 4.88, 4.88]"
CUST_0131,"[72, 131, 360, 324, 1, 268, 344, 270, 345]","['dress', 'exclusive', 'stylish', 'skirt', 'blouse', 'need', 'stand', 'out', 'premium']","[7.94, 6.35, 6.35, 6.35, 4.76, 4.76, 4.76, 4.76, 4.76]"
CUST_0132,"[346, 458, 349, 72, 347, 1, 360, 271, 324]","['step', 'up', 'style', 'dress', 'blouse', 'stylish', 'premium', 'skirt', 'elegant']","[6.78, 6.78, 6.78, 6.78, 6.78, 6.78, 6.78, 5.08, 5.08]"
CUST_0133,"[72, 1, 344, 270, 345, 271, 277, 324]","['dress', 'blouse', 'stand', 'out', 'premium', 'skirt', 'step', 'up']","[9.33, 5.33, 5.33, 5.33, 5.33, 5.33, 5.33, 5.33]"
CUST_0134,"[131, 324, 72, 1, 71, 360, 344, 270]","['exclusive', 'skirt', 'dress', 'blouse', 'collection', 'stylish', 'stand', 'out']","[7.04, 5.63, 5.63, 5.63, 4.23, 4.23, 4.23, 4.23]"
CUST_0135,"[1, 97, 98, 131, 72, 360, 234, 71, 344]","['blouse', 'elegant', 'exclusive', 'dress', 'stylish', 'modern', 'collection', 'stand', 'out']","[9.64, 4.82, 4.82, 4.82, 4.82, 4.82, 3.61, 3.61, 3.61]"
CUST_0136,"[271, 269, 72, 324, 1, 272, 360]","['premium', 'occasion', 'dress', 'skirt', 'blouse', 'stylish', 'need']","[11.43, 8.57, 8.57, 5.71, 5.71, 5.71, 5.71]"
CUST_0137,"[1, 97, 360, 346, 458, 349, 347, 72]","['blouse', 'elegant', 'stylish', 'step', 'up', 'style', 'dress', 'need']","[9.68, 8.06, 8.06, 6.45, 6.45, 6.45, 6.45, 6.45]"
CUST_0138,"[97, 72, 268, 1, 346, 458, 349, 347]","['elegant', 'dress', 'need', 'blouse', 'step', 'up', 'style', 'exclusive']","[9.09, 9.09, 9.09, 9.09, 4.55, 4.55, 4.55, 4.55]"
CUST_0139,"[271, 324, 1, 293, 131, 346, 458, 349]","['premium', 'skirt', 'blouse', 'exclusive', 'step', 'up', 'style', 'elegant']","[9.38, 9.38, 7.81, 6.25, 4.69, 3.12, 3.12, 3.12]"
CUST_0140,"[360, 72, 1, 269, 367, 344, 270]","['stylish', 'dress', 'blouse', 'occasion', 'stand', 'out', 'elegant']","[8.11, 8.11, 8.11, 5.41, 5.41, 5.41, 5.41]"
CUST_0141,"[324, 271, 1, 344, 270, 345, 360, 131, 72]","['skirt', 'premium', 'blouse', 'stand', 'out', 'stylish', 'exclusive', 'dress', 'collection']","[7.89, 5.26, 5.26, 5.26, 5.26, 5.26, 5.26, 5.26, 3.95]"
CUST_0142,"[72, 324, 131, 344, 270, 345, 1, 271, 360]","['dress', 'skirt', 'exclusive', 'stand', 'out', 'blouse', 'premium', 'stylish', 'modern']","[7.55, 5.66, 5.66, 4.72, 4.72, 4.72, 4.72, 4.72, 4.72]"
CUST_0143,"[360, 72, 1, 324, 344, 270, 345, 268]","['stylish', 'dress', 'blouse', 'skirt', 'stand', 'out', 'need', 'exclusive']","[8.41, 7.48, 6.54, 5.61, 5.61, 5.61, 5.61, 4.67]"
CUST_0144,"[72, 97, 131, 1, 98, 344, 270]","['dress', 'elegant', 'exclusive', 'blouse', 'stand', 'out', 'skirt']","[11.11, 9.26, 7.41, 5.56, 5.56, 5.56, 5.56]"
CUST_0145,"[268, 271, 1, 72, 277, 131, 132, 346]","['need', 'premium', 'blouse', 'dress', 'exclusive', 'step', 'up', 'style']","[11.11, 11.11, 8.89, 8.89, 6.67, 4.44, 4.44, 4.44]"
CUST_0146,"[72, 324, 131, 271, 269, 234, 360, 1, 344, 270]","['dress', 'skirt', 'exclusive', 'premium', 'occasion', 'modern', 'stylish', 'blouse', 'stand', 'out']","[7.35, 7.35, 5.88, 4.41, 4.41, 4.41, 4.41, 4.41, 4.41, 4.41]"
CUST_0147,"[131, 324, 72, 346, 458, 349, 347, 360, 268]","['exclusive', 'skirt', 'dress', 'step', 'up', 'style', 'stylish', 'need', 'stand']","[9.09, 9.09, 7.27, 5.45, 5.45, 5.45, 5.45, 5.45, 5.45]"
CUST_0148,"[1, 271, 131, 272, 72, 269, 268, 97]","['blouse', 'premium', 'exclusive', 'dress', 'occasion', 'need', 'elegant', 'collection']","[12.07, 8.62, 6.9, 6.9, 5.17, 5.17, 3.45, 3.45]"
CUST_0149,"[72, 1, 344, 270, 345, 131, 271, 97, 346]","['dress', 'blouse', 'stand', 'out', 'exclusive', 'premium', 'elegant', 'step', 'up']","[9.09, 5.68, 5.68, 5.68, 5.68, 5.68, 5.68, 4.55, 4.55]"
CUST_0150,"[324, 268, 271, 1, 131, 344, 270, 345, 97]","['skirt', 'need', 'premium', 'blouse', 'exclusive', 'stand', 'out', 'elegant', 'dress']","[7.78, 6.67, 6.67, 5.56, 4.44, 4.44, 4.44, 4.44, 4.44]"
CUST_0151,"[208, 198, 97, 344, 270, 345, 314, 360, 11]","['jeans', 'jacket', 'elegant', 'stand', 'out', 'shoes', 'stylish', 'casual', 'need']","[8.33, 6.11, 5.56, 4.44, 4.44, 4.44, 4.44, 4.44, 3.89]"
CUST_0152,"[314, 268, 208, 198, 346, 458, 349, 347, 360]","['shoes', 'need', 'jeans', 'jacket', 'step', 'up', 'style', 'stylish', 'elegant']","[7.14, 7.14, 5.95, 5.95, 5.95, 5.95, 5.95, 5.95, 4.76]"
CUST_0153,"[131, 198, 71, 47, 51, 199, 314]","['exclusive', 'jacket', 'collection', 'classic', 'shoes', 'need', 'modern']","[7.14, 7.14, 7.14, 4.76, 4.76, 4.76, 4.76]"
CUST_0154,"[234, 198, 208, 314, 344, 270, 345, 252]","['modern', 'jacket', 'jeans', 'shoes', 'stand', 'out', 'need', 'elegant']","[7.62, 6.67, 6.67, 5.71, 5.71, 5.71, 5.71, 4.76]"
CUST_0155,"[198, 344, 270, 345, 97, 105, 268, 314]","['jacket', 'stand', 'out', 'elegant', 'need', 'shoes', 'stylish', 'casual']","[11.5, 8.85, 8.85, 8.85, 7.08, 6.19, 4.42, 4.42]"
CUST_0156,"[198, 97, 344, 270, 345, 208, 314, 360, 346]","['jacket', 'elegant', 'stand', 'out', 'jeans', 'shoes', 'stylish', 'step', 'up']","[7.41, 7.41, 6.17, 6.17, 6.17, 6.17, 4.94, 3.7, 3.7]"
CUST_0157,"[198, 97, 360, 314, 344, 270, 345, 208]","['jacket', 'elegant', 'stylish', 'shoes', 'stand', 'out', 'jeans', 'need']","[7.69, 6.59, 5.49, 5.49, 4.4, 4.4, 4.4, 4.4]"
CUST_0158,"[314, 97, 344, 270, 345, 208, 360, 198, 346]","['shoes', 'elegant', 'stand', 'out', 'jeans', 'stylish', 'jacket', 'step', 'up']","[7.25, 5.8, 5.8, 5.8, 5.8, 5.8, 4.35, 4.35, 4.35]"
CUST_0159,"[314, 208, 344, 270, 345, 360, 97, 11, 346]","['shoes', 'jeans', 'stand', 'out', 'stylish', 'elegant', 'casual', 'step', 'up']","[8.33, 6.25, 5.21, 5.21, 5.21, 5.21, 4.17, 3.12, 3.12]"
CUST_0160,"[208, 131, 71, 344, 270, 345, 198, 234]","['jeans', 'exclusive', 'collection', 'stand', 'out', 'jacket', 'modern', 'premium']","[7.55, 5.66, 5.66, 5.66, 5.66, 5.66, 5.66, 5.66]"
CUST_0161,"[198, 208, 360, 314, 344, 270, 345, 346, 458]","['jacket', 'jeans', 'stylish', 'shoes', 'stand', 'out', 'step', 'up', 'style']","[6.86, 5.71, 5.14, 4.57, 4.0, 4.0, 4.0, 4.0, 4.0]"
CUST_0162,"[234, 198, 208, 314, 131, 71, 167, 97, 346]","['modern', 'jacket', 'jeans', 'shoes', 'exclusive', 'collection', 'elegant', 'step', 'up']","[7.41, 6.48, 5.56, 4.63, 3.7, 3.7, 3.7, 3.7, 3.7]"
CUST_0163,"[198, 208, 344, 270, 345, 360, 97, 314, 268]","['jacket', 'jeans', 'stand', 'out', 'stylish', 'elegant', 'shoes', 'need', 'exclusive']","[8.4, 5.88, 5.88, 5.88, 5.88, 5.04, 5.04, 4.2, 3.36]"
CUST_0164,"[131, 71, 314, 198, 208, 199, 271]","['exclusive', 'collection', 'shoes', 'jacket', 'jeans', 'premium', 'classic']","[7.55, 7.55, 4.72, 4.72, 3.77, 3.77, 3.77]"
CUST_0165,"[314, 344, 270, 345, 47, 208, 97, 198]","['shoes', 'stand', 'out', 'classic', 'jeans', 'elegant', 'jacket', 'need']","[8.45, 7.04, 7.04, 7.04, 4.23, 4.23, 4.23, 4.23]"
CUST_0166,"[344, 270, 345, 198, 208, 97, 314, 234, 360]","['stand', 'out', 'jacket', 'jeans', 'elegant', 'shoes', 'modern', 'stylish', 'exclusive']","[7.29, 7.29, 7.29, 7.29, 6.25, 5.21, 4.17, 4.17, 3.12]"
CUST_0167,"[344, 270, 345, 198, 208, 360, 314, 271]","['stand', 'out', 'jacket', 'jeans', 'stylish', 'shoes', 'premium', 'modern']","[7.14, 7.14, 7.14, 6.12, 6.12, 4.08, 4.08, 4.08]"
CUST_0168,"[198, 208, 314, 97, 131, 71, 344, 270, 345]","['jacket', 'jeans', 'shoes', 'elegant', 'exclusive', 'collection', 'stand', 'out', 'stylish']","[6.21, 5.52, 5.52, 4.14, 4.14, 4.14, 4.14, 4.14, 4.14]"
CUST_0169,"[314, 208, 198, 268, 97, 344, 270, 345, 360]","['shoes', 'jeans', 'jacket', 'need', 'elegant', 'stand', 'out', 'stylish', 'casual']","[6.72, 6.72, 5.88, 5.88, 5.04, 5.04, 5.04, 5.04, 3.36]"
CUST_0170,"[198, 208, 47, 271, 131, 71, 360, 344, 270]","['jacket', 'jeans', 'classic', 'premium', 'exclusive', 'collection', 'stylish', 'stand', 'out']","[9.18, 6.12, 4.08, 4.08, 4.08, 4.08, 4.08, 3.06, 3.06]"
CUST_0171,"[97, 208, 314, 131, 71, 198, 268, 113]","['elegant', 'jeans', 'shoes', 'exclusive', 'collection', 'jacket', 'need', 'modern']","[6.76, 6.76, 5.41, 5.41, 5.41, 5.41, 4.05, 4.05]"
CUST_0172,"[198, 271, 346, 458, 349, 347, 282, 208]","['jacket', 'premium', 'step', 'up', 'style', 'jeans', 'shoes', 'casual']","[8.49, 6.6, 6.6, 6.6, 6.6, 6.6, 4.72, 3.77]"
CUST_0173,"[198, 208, 360, 47, 344, 270, 345, 131, 71]","['jacket', 'jeans', 'stylish', 'classic', 'stand', 'out', 'exclusive', 'collection', 'modern']","[8.65, 7.69, 4.81, 3.85, 3.85, 3.85, 3.85, 3.85, 3.85]"
CUST_0174,"[198, 208, 360, 314, 268, 234, 269, 131, 71, 97]","['jacket', 'jeans', 'stylish', 'shoes', 'need', 'modern', 'occasion', 'exclusive', 'collection', 'elegant']","[7.76, 6.9, 5.17, 4.31, 4.31, 4.31, 3.45, 3.45, 3.45, 2.59]"
CUST_0175,"[314, 208, 198, 234, 97, 131, 71, 11, 269, 344]","['shoes', 'jeans', 'jacket', 'modern', 'elegant', 'exclusive', 'collection', 'casual', 'occasion', 'stand']","[6.56, 5.74, 5.74, 4.92, 4.1, 3.28, 3.28, 3.28, 3.28, 3.28]"
CUST_0176,"[314, 198, 234, 346, 458, 349, 271, 347, 131]","['shoes', 'jacket', 'modern', 'step', 'up', 'style', 'premium', 'exclusive', 'jeans']","[5.97, 5.97, 4.48, 4.48, 4.48, 4.48, 4.48, 4.48, 4.48]"
CUST_0177,"[360, 314, 346, 458, 349, 208, 347, 198, 268]","['stylish', 'shoes', 'step', 'up', 'style', 'jeans', 'jacket', 'need', 'elegant']","[8.0, 7.0, 6.0, 6.0, 6.0, 6.0, 6.0, 5.0, 4.0]"
CUST_0178,"[198, 268, 97, 47, 360, 269, 372, 344]","['jacket', 'need', 'elegant', 'classic', 'stylish', 'occasion', 'stand', 'out']","[17.02, 6.38, 6.38, 4.26, 4.26, 4.26, 4.26, 4.26]"
CUST_0179,"[314, 131, 71, 208, 234, 360, 167]","['shoes', 'exclusive', 'collection', 'jeans', 'modern', 'stylish', 'step']","[7.78, 5.56, 5.56, 5.56, 4.44, 4.44, 3.33]"
CUST_0180,"[97, 198, 208, 344, 270, 345, 346, 458]","['elegant', 'jacket', 'jeans', 'stand', 'out', 'step', 'up', 'style']","[7.48, 7.48, 5.61, 4.67, 4.67, 4.67, 3.74, 3.74]"
CUST_0181,"[208, 97, 314, 344, 270, 345, 360, 268, 198]","['jeans', 'elegant', 'shoes', 'stand', 'out', 'stylish', 'need', 'jacket', 'step']","[8.97, 6.41, 5.13, 3.85, 3.85, 3.85, 3.85, 3.85, 3.85]"
CUST_0182,"[198, 208, 344, 270, 345, 360, 346, 458, 349]","['jacket', 'jeans', 'stand', 'out', 'stylish', 'step', 'up', 'style', 'elegant']","[8.43, 7.23, 7.23, 7.23, 7.23, 6.02, 4.82, 4.82, 4.82]"
CUST_0183,"[314, 97, 208, 360, 198, 113, 47, 344]","['shoes', 'elegant', 'jeans', 'stylish', 'jacket', 'classic', 'stand', 'out']","[9.17, 6.67, 5.0, 5.0, 5.0, 4.17, 3.33, 3.33]"
CUST_0184,"[198, 208, 11, 131, 71, 346, 458, 349, 347]","['jacket', 'jeans', 'casual', 'exclusive', 'collection', 'step', 'up', 'style', 'premium']","[7.69, 7.69, 5.13, 3.42, 3.42, 3.42, 3.42, 3.42, 3.42]"
CUST_0185,"[314, 97, 346, 458, 349, 347, 208, 113]","['shoes', 'elegant', 'step', 'up', 'style', 'jeans', 'jacket', 'stand']","[8.22, 6.85, 5.48, 5.48, 5.48, 5.48, 5.48, 4.11]"
CUST_0186,"[314, 344, 270, 345, 208, 360, 198, 379]","['shoes', 'stand', 'out', 'jeans', 'stylish', 'jacket', 'classic', 'elegant']","[6.54, 6.54, 6.54, 6.54, 5.61, 4.67, 4.67, 3.74]"
CUST_0187,"[314, 208, 47, 198, 268, 11, 269, 131, 71, 344]","['shoes', 'jeans', 'classic', 'jacket', 'need', 'casual', 'occasion', 'exclusive', 'collection', 'stand']","[8.42, 5.26, 4.21, 4.21, 4.21, 4.21, 4.21, 4.21, 4.21, 4.21]"
CUST_0188,"[314, 268, 234, 252, 208, 360, 375]","['shoes', 'need', 'modern', 'jeans', 'stylish', 'classic', 'jacket']","[14.29, 14.29, 10.71, 10.71, 10.71, 7.14, 7.14]"
CUST_0189,"[198, 344, 270, 345, 97, 234, 208, 314]","['jacket', 'stand', 'out', 'elegant', 'modern', 'jeans', 'shoes', 'exclusive']","[7.21, 6.31, 6.31, 6.31, 4.5, 4.5, 4.5, 4.5]"
CUST_0190,"[314, 344, 270, 345, 198, 360, 208, 131, 11]","['shoes', 'stand', 'out', 'jacket', 'stylish', 'jeans', 'exclusive', 'casual', 'collection']","[7.5, 5.0, 5.0, 5.0, 5.0, 4.17, 4.17, 3.33, 3.33]"
CUST_0191,"[198, 208, 346, 458, 349, 347, 131, 234, 71]","['jacket', 'jeans', 'step', 'up', 'style', 'exclusive', 'modern', 'collection', 'premium']","[6.0, 6.0, 5.0, 5.0, 5.0, 5.0, 4.0, 4.0, 4.0]"
CUST_0192,"[198, 314, 97, 360, 268, 208, 11, 344, 270]","['jacket', 'shoes', 'elegant', 'stylish', 'need', 'jeans', 'casual', 'stand', 'out']","[7.94, 7.94, 6.35, 4.76, 4.76, 3.97, 3.17, 3.17, 3.17]"
CUST_0193,"[208, 198, 271, 131, 71, 234, 346, 458, 349]","['jeans', 'jacket', 'premium', 'exclusive', 'collection', 'modern', 'step', 'up', 'style']","[7.08, 6.19, 5.31, 4.42, 4.42, 3.54, 3.54, 3.54, 3.54]"
CUST_0194,"[314, 198, 234, 344, 270, 345, 208, 252]","['shoes', 'jacket', 'modern', 'stand', 'out', 'jeans', 'premium', 'classic']","[8.13, 7.32, 5.69, 5.69, 5.69, 5.69, 4.07, 3.25]"
CUST_0195,"[208, 314, 97, 346, 458, 349, 347, 131, 71]","['jeans', 'shoes', 'elegant', 'step', 'up', 'style', 'exclusive', 'collection', 'occasion']","[9.17, 5.83, 5.83, 4.17, 4.17, 4.17, 4.17, 3.33, 3.33]"
CUST_0196,"[208, 314, 344, 270, 345, 271, 198, 286]","['jeans', 'shoes', 'stand', 'out', 'premium', 'jacket', 'exclusive', 'modern']","[7.81, 4.69, 4.69, 4.69, 4.69, 4.69, 4.69, 3.12]"
CUST_0197,"[314, 234, 198, 47, 208, 131, 71, 268, 97, 346]","['shoes', 'modern', 'jacket', 'classic', 'jeans', 'exclusive', 'collection', 'need', 'elegant', 'step']","[9.62, 4.81, 4.81, 3.85, 3.85, 3.85, 3.85, 3.85, 3.85, 2.88]"
CUST_0198,"[314, 208, 198, 344, 270, 345, 11, 360, 346]","['shoes', 'jeans', 'jacket', 'stand', 'out', 'casual', 'stylish', 'step', 'up']","[6.67, 6.67, 5.0, 5.0, 5.0, 5.0, 5.0, 5.0, 3.33]"
CUST_0199,"[198, 97, 208, 314, 344, 270, 345, 346, 458]","['jacket', 'elegant', 'jeans', 'shoes', 'stand', 'out', 'step', 'up', 'style']","[6.67, 6.67, 5.0, 5.0, 5.0, 5.0, 5.0, 3.33, 3.33]"
CUST_0200,"[208, 314, 360, 131, 71, 271, 344, 270, 345]","['jeans', 'shoes', 'stylish', 'exclusive', 'collection', 'premium', 'stand', 'out', 'jacket']","[7.87, 5.62, 5.62, 4.49, 4.49, 4.49, 4.49, 4.49, 4.49]"
CUST_0201,"[208, 198, 234, 314, 11, 346, 458, 349, 347]","['jeans', 'jacket', 'modern', 'shoes', 'casual', 'step', 'up', 'style', 'stylish']","[7.92, 7.92, 5.94, 3.96, 3.96, 3.96, 3.96, 3.96, 3.96]"
CUST_0202,"[314, 271, 346, 458, 349, 208, 347, 131, 234]","['shoes', 'premium', 'step', 'up', 'style', 'jeans', 'exclusive', 'modern', 'jacket']","[8.16, 5.1, 4.08, 4.08, 4.08, 4.08, 4.08, 4.08, 4.08]"
CUST_0203,"[314, 97, 360, 208, 268, 379, 271, 198, 346]","['shoes', 'elegant', 'stylish', 'jeans', 'need', 'premium', 'jacket', 'step', 'up']","[10.43, 5.22, 5.22, 5.22, 4.35, 4.35, 4.35, 4.35, 3.48]"
CUST_0204,"[208, 346, 458, 349, 97, 347, 198, 109]","['jeans', 'step', 'up', 'style', 'elegant', 'jacket', 'stand', 'out']","[7.69, 6.59, 6.59, 6.59, 6.59, 6.59, 5.49, 3.3]"
CUST_0205,"[208, 346, 458, 349, 97, 347, 314, 344]","['jeans', 'step', 'up', 'style', 'elegant', 'shoes', 'stand', 'out']","[8.86, 5.7, 5.7, 5.7, 5.7, 5.7, 4.43, 3.8]"
CUST_0206,"[314, 131, 71, 198, 97, 47, 113]","['shoes', 'exclusive', 'collection', 'jacket', 'elegant', 'classic', 'jeans']","[6.85, 6.16, 6.16, 5.48, 5.48, 4.11, 4.11]"
CUST_0207,"[11, 314, 268, 198, 15, 208, 360, 344]","['casual', 'shoes', 'need', 'jacket', 'jeans', 'stylish', 'stand', 'out']","[7.5, 7.5, 7.5, 5.0, 5.0, 5.0, 5.0, 5.0]"
CUST_0208,"[198, 314, 360, 344, 270, 345, 97, 271, 268]","['jacket', 'shoes', 'stylish', 'stand', 'out', 'elegant', 'premium', 'need', 'modern']","[10.09, 6.42, 4.59, 4.59, 4.59, 4.59, 3.67, 3.67, 3.67]"
CUST_0209,"[314, 198, 234, 208, 346, 458, 349, 347, 360]","['shoes', 'jacket', 'modern', 'jeans', 'step', 'up', 'style', 'stylish', 'stand']","[7.14, 5.71, 5.0, 4.29, 4.29, 4.29, 4.29, 4.29, 3.57]"
CUST_0210,"[198, 314, 97, 344, 270, 345, 208, 131]","['jacket', 'shoes', 'elegant', 'stand', 'out', 'jeans', 'exclusive', 'collection']","[7.14, 6.25, 6.25, 4.46, 4.46, 4.46, 4.46, 3.57]"
CUST_0211,"[198, 344, 270, 345, 208, 360, 314, 268, 97]","['jacket', 'stand', 'out', 'jeans', 'stylish', 'shoes', 'need', 'elegant', 'modern']","[9.35, 5.76, 5.76, 5.76, 5.04, 5.04, 4.32, 4.32, 4.32]"
CUST_0212,"[198, 97, 344, 270, 345, 105, 360, 208]","['jacket', 'elegant', 'stand', 'out', 'stylish', 'jeans', 'shoes', 'need']","[11.67, 10.0, 10.0, 10.0, 10.0, 8.33, 6.67, 5.0]"
CUST_0213,"[314, 346, 458, 349, 347, 97, 208, 234, 131]","['shoes', 'step', 'up', 'style', 'elegant', 'jeans', 'modern', 'exclusive', 'collection']","[6.15, 6.15, 6.15, 6.15, 6.15, 4.62, 4.62, 4.62, 4.62]"
CUST_0214,"[314, 198, 11, 208, 344, 270, 345, 131, 71]","['shoes', 'jacket', 'casual', 'jeans', 'stand', 'out', 'exclusive', 'collection', 'occasion']","[6.82, 5.68, 4.55, 4.55, 4.55, 4.55, 4.55, 3.41, 3.41]"
CUST_0215,"[198, 208, 268, 271, 314, 11, 344, 270, 345]","['jacket', 'jeans', 'need', 'premium', 'shoes', 'casual', 'stand', 'out', 'occasion']","[7.0, 6.0, 5.0, 5.0, 5.0, 4.0, 4.0, 4.0, 4.0]"
CUST_0216,"[198, 208, 271, 97, 268, 269, 105, 346, 458]","['jacket', 'jeans', 'premium', 'elegant', 'need', 'occasion', 'step', 'up', 'style']","[10.2, 8.16, 5.1, 5.1, 4.08, 4.08, 4.08, 3.06, 3.06]"
CUST_0217,"[198, 97, 314, 113, 234, 245, 268]","['jacket', 'elegant', 'shoes', 'modern', 'need', 'exclusive', 'collection']","[11.11, 6.67, 6.67, 6.67, 6.67, 6.67, 4.44]"
CUST_0218,"[208, 11, 360, 198, 314, 344, 270, 20]","['jeans', 'casual', 'stylish', 'jacket', 'shoes', 'stand', 'out', 'modern']","[8.16, 6.12, 5.1, 5.1, 5.1, 4.08, 4.08, 4.08]"
CUST_0219,"[208, 346, 458, 349, 347, 198, 234, 314, 271]","['jeans', 'step', 'up', 'style', 'jacket', 'modern', 'shoes', 'premium', 'stand']","[7.81, 5.47, 5.47, 5.47, 5.47, 5.47, 4.69, 3.91, 3.12]"
CUST_0220,"[198, 97, 314, 360, 268, 346, 458, 349, 208]","['jacket', 'elegant', 'shoes', 'stylish', 'need', 'step', 'up', 'style', 'jeans']","[10.11, 6.74, 6.74, 5.62, 5.62, 3.37, 3.37, 3.37, 3.37]"
CUST_0221,"[198, 47, 344, 270, 345, 314, 51, 346]","['jacket', 'classic', 'stand', 'out', 'shoes', 'step', 'up', 'style']","[9.52, 7.94, 7.94, 7.94, 7.94, 6.35, 4.76, 4.76]"
CUST_0222,"[198, 268, 314, 346, 458, 349, 347, 11, 271]","['jacket', 'need', 'shoes', 'step', 'up', 'style', 'casual', 'premium', 'jeans']","[8.4, 5.88, 5.88, 5.04, 5.04, 5.04, 5.04, 4.2, 4.2]"
CUST_0223,"[314, 208, 198, 47, 268, 234, 51, 131, 71]","['shoes', 'jeans', 'jacket', 'classic', 'need', 'modern', 'exclusive', 'collection', 'elegant']","[7.41, 6.17, 4.94, 4.94, 3.7, 3.7, 3.7, 3.7, 3.7]"
CUST_0224,"[314, 360, 97, 198, 131, 71, 268]","['shoes', 'stylish', 'elegant', 'jacket', 'exclusive', 'collection', 'need']","[9.38, 6.25, 6.25, 6.25, 6.25, 6.25, 4.69]"
CUST_0225,"[314, 198, 47, 131, 71, 360, 234, 315, 344]","['shoes', 'jacket', 'classic', 'exclusive', 'collection', 'stylish', 'modern', 'stand', 'out']","[8.33, 5.95, 4.76, 4.76, 4.76, 4.76, 3.57, 3.57, 2.38]"
CUST_0226,"[198, 208, 97, 105, 346, 458, 349, 271]","['jacket', 'jeans', 'elegant', 'step', 'up', 'style', 'premium', 'stand']","[9.21, 9.21, 6.58, 5.26, 3.95, 3.95, 3.95, 3.95]"
CUST_0227,"[97, 198, 131, 71, 314, 344, 270, 345]","['elegant', 'jacket', 'exclusive', 'collection', 'shoes', 'stand', 'out', 'modern']","[7.14, 7.14, 5.1, 5.1, 5.1, 4.08, 4.08, 4.08]"
CUST_0228,"[208, 97, 198, 314, 346, 458, 349, 347]","['jeans', 'elegant', 'jacket', 'shoes', 'step', 'up', 'style', 'premium']","[6.19, 6.19, 6.19, 6.19, 5.15, 5.15, 5.15, 5.15]"
CUST_0229,"[198, 208, 234, 245, 268, 131]","['jacket', 'jeans', 'modern', 'need', 'exclusive', 'collection']","[8.64, 8.64, 7.41, 6.17, 3.7, 3.7]"
CUST_0230,"[198, 234, 131, 71, 245, 314, 208]","['jacket', 'modern', 'exclusive', 'collection', 'shoes', 'jeans', 'step']","[10.29, 5.88, 4.41, 4.41, 4.41, 3.68, 3.68]"
CUST_0231,"[208, 198, 47, 346, 458, 349, 97, 314, 347]","['jeans', 'jacket', 'classic', 'step', 'up', 'style', 'elegant', 'shoes', 'casual']","[8.7, 5.43, 4.35, 4.35, 4.35, 4.35, 4.35, 4.35, 4.35]"
CUST_0232,"[208, 314, 97, 346, 458, 349, 47, 347, 344]","['jeans', 'shoes', 'elegant', 'step', 'up', 'style', 'classic', 'stand', 'out']","[9.86, 7.04, 5.63, 4.23, 4.23, 4.23, 4.23, 4.23, 4.23]"
CUST_0233,"[97, 314, 208, 198, 344, 270, 345, 346, 458]","['elegant', 'shoes', 'jeans', 'jacket', 'stand', 'out', 'step', 'up', 'style']","[6.77, 6.77, 6.02, 4.51, 4.51, 4.51, 4.51, 4.51, 4.51]"
CUST_0234,"[198, 97, 208, 234, 245, 314, 344, 270]","['jacket', 'elegant', 'jeans', 'modern', 'shoes', 'stand', 'out', 'need']","[9.2, 5.75, 5.75, 4.6, 4.6, 4.6, 4.6, 4.6]"
CUST_0235,"[314, 198, 360, 268, 208, 344, 270, 345]","['shoes', 'jacket', 'stylish', 'need', 'jeans', 'stand', 'out', 'exclusive']","[8.49, 5.66, 4.72, 4.72, 3.77, 3.77, 3.77, 3.77]"
CUST_0236,"[314, 97, 208, 268, 234, 346, 458, 349]","['shoes', 'elegant', 'jeans', 'need', 'modern', 'step', 'up', 'style']","[11.11, 6.67, 6.67, 6.67, 6.67, 4.44, 4.44, 4.44]"
CUST_0237,"[314, 346, 458, 349, 347, 198, 268, 271, 47]","['shoes', 'step', 'up', 'style', 'jacket', 'need', 'premium', 'classic', 'modern']","[12.05, 6.02, 6.02, 6.02, 6.02, 4.82, 4.82, 4.82, 4.82]"
CUST_0238,"[198, 131, 314, 71, 11, 234, 199, 346, 458]","['jacket', 'exclusive', 'shoes', 'collection', 'casual', 'modern', 'step', 'up', 'style']","[7.53, 5.38, 5.38, 5.38, 3.23, 3.23, 3.23, 3.23, 3.23]"
CUST_0239,"[97, 208, 198, 314, 360, 268, 344, 270]","['elegant', 'jeans', 'jacket', 'shoes', 'stylish', 'need', 'stand', 'out']","[6.8, 6.8, 6.8, 5.83, 5.83, 3.88, 3.88, 3.88]"
CUST_0240,"[198, 131, 71, 208, 344, 270, 345, 314, 271]","['jacket', 'exclusive', 'collection', 'jeans', 'stand', 'out', 'shoes', 'premium', 'elegant']","[7.06, 4.71, 4.71, 4.71, 4.71, 4.71, 4.71, 3.53, 3.53]"
CUST_0241,"[208, 360, 344, 270, 345, 198, 314, 268, 234]","['jeans', 'stylish', 'stand', 'out', 'jacket', 'shoes', 'need', 'modern', 'classic']","[8.2, 6.56, 6.56, 6.56, 6.56, 6.56, 4.92, 4.92, 4.92]"
CUST_0242,"[208, 344, 270, 345, 346, 458, 349, 347]","['jeans', 'stand', 'out', 'step', 'up', 'style', 'casual', 'premium']","[8.75, 5.0, 5.0, 5.0, 5.0, 5.0, 5.0, 5.0]"
CUST_0243,"[234, 314, 198, 268, 245, 47, 208, 344]","['modern', 'shoes', 'jacket', 'need', 'classic', 'jeans', 'stand', 'out']","[7.94, 6.35, 6.35, 6.35, 6.35, 6.35, 4.76, 3.17]"
CUST_0244,"[198, 208, 11, 131, 234, 71, 167, 268, 97]","['jacket', 'jeans', 'casual', 'exclusive', 'modern', 'collection', 'need', 'elegant', 'classic']","[8.33, 7.14, 5.95, 4.76, 4.76, 4.76, 3.57, 3.57, 2.38]"
CUST_0245,"[198, 208, 234, 314, 131, 71, 346, 458, 349]","['jacket', 'jeans', 'modern', 'shoes', 'exclusive', 'collection', 'step', 'up', 'style']","[6.3, 5.51, 5.51, 5.51, 3.94, 3.94, 3.94, 3.94, 3.94]"
CUST_0246,"[198, 208, 97, 11, 344, 270, 105, 345]","['jacket', 'jeans', 'elegant', 'casual', 'stand', 'out', 'exclusive', 'collection']","[9.72, 6.94, 6.94, 4.17, 4.17, 4.17, 4.17, 4.17]"
CUST_0247,"[314, 346, 458, 349, 347, 97, 360, 198, 208]","['shoes', 'step', 'up', 'style', 'elegant', 'stylish', 'jacket', 'jeans', 'need']","[9.52, 5.95, 5.95, 5.95, 5.95, 5.95, 4.76, 4.76, 3.57]"
CUST_0248,"[198, 208, 271, 131, 71, 360, 234, 286]","['jacket', 'jeans', 'premium', 'exclusive', 'collection', 'stylish', 'modern', 'classic']","[11.11, 6.67, 4.44, 4.44, 4.44, 4.44, 4.44, 2.22]"
CUST_0249,"[314, 208, 198, 97, 113, 268, 47, 360, 344]","['shoes', 'jeans', 'jacket', 'elegant', 'need', 'classic', 'stylish', 'stand', 'out']","[6.93, 5.94, 4.95, 3.96, 3.96, 3.96, 3.96, 3.96, 3.96]"
CUST_0250,"[11, 314, 198, 234, 344, 270, 345, 208]","['casual', 'shoes', 'jacket', 'modern', 'stand', 'out', 'jeans', 'occasion']","[6.94, 6.94, 6.94, 5.56, 5.56, 5.56, 5.56, 5.56]"
CUST_0251,"[11, 304, 208, 346, 458, 349, 347, 20]","['casual', 'shirt', 'jeans', 'step', 'up', 'style', 'need', 'durable']","[11.88, 6.93, 6.93, 5.94, 5.94, 5.94, 5.94, 5.94]"
CUST_0252,"[11, 346, 458, 349, 347, 208, 314, 20]","['casual', 'step', 'up', 'style', 'jeans', 'shoes', 'durable', 'shirt']","[12.5, 8.33, 8.33, 8.33, 8.33, 6.94, 5.56, 5.56]"
CUST_0253,"[11, 314, 82, 344, 270, 345, 269, 346, 458]","['casual', 'shoes', 'durable', 'stand', 'out', 'occasion', 'step', 'up', 'style']","[10.64, 8.51, 6.38, 6.38, 6.38, 6.38, 4.26, 4.26, 4.26]"
CUST_0254,"[346, 458, 349, 218, 314, 347, 230, 11]","['step', 'up', 'style', 'lightweight', 'shoes', 'casual', 'shirt', 'exclusive']","[6.82, 6.82, 6.82, 6.82, 6.82, 6.82, 6.82, 6.82]"
CUST_0255,"[11, 208, 218, 314, 346, 458, 349, 347]","['casual', 'jeans', 'lightweight', 'shoes', 'step', 'up', 'style', 'need']","[9.8, 9.8, 7.84, 7.84, 5.88, 5.88, 5.88, 5.88]"
CUST_0256,"[11, 268, 314, 218, 304, 208, 344, 270, 345]","['casual', 'need', 'shoes', 'lightweight', 'shirt', 'jeans', 'stand', 'out', 'durable']","[11.11, 11.11, 7.94, 7.94, 6.35, 6.35, 4.76, 4.76, 4.76]"
CUST_0257,"[11, 268, 218, 208, 314, 20, 344]","['casual', 'need', 'lightweight', 'jeans', 'shoes', 'stand', 'out']","[12.07, 10.34, 8.62, 8.62, 6.9, 5.17, 5.17]"
CUST_0258,"[314, 218, 11, 82, 344, 270, 345, 268]","['shoes', 'lightweight', 'casual', 'durable', 'stand', 'out', 'need', 'occasion']","[10.0, 8.0, 8.0, 6.0, 6.0, 6.0, 6.0, 4.0]"
CUST_0259,"[82, 304, 85, 268, 11, 346, 458, 349]","['durable', 'shirt', 'need', 'casual', 'step', 'up', 'style', 'shoes']","[9.52, 9.52, 7.94, 4.76, 4.76, 4.76, 4.76, 4.76]"
CUST_0260,"[218, 268, 304, 208, 82, 346, 458, 349, 314]","['lightweight', 'need', 'shirt', 'jeans', 'durable', 'step', 'up', 'style', 'shoes']","[12.04, 7.41, 6.48, 6.48, 4.63, 4.63, 4.63, 4.63, 4.63]"
CUST_0261,"[11, 208, 304, 268, 82, 26, 20, 269]","['casual', 'jeans', 'shirt', 'need', 'durable', 'occasion', 'step', 'up']","[16.0, 9.33, 6.67, 6.67, 6.67, 5.33, 5.33, 5.33]"
CUST_0262,"[11, 82, 208, 304, 344, 270, 20]","['casual', 'durable', 'jeans', 'shirt', 'stand', 'out', 'need']","[9.62, 9.62, 7.69, 7.69, 5.77, 5.77, 5.77]"
CUST_0263,"[218, 346, 458, 349, 347, 344, 270, 345]","['lightweight', 'step', 'up', 'style', 'stand', 'out', 'jeans', 'durable']","[11.67, 6.67, 6.67, 6.67, 6.67, 6.67, 6.67, 6.67]"
CUST_0264,"[218, 268, 11, 304, 208, 346, 458, 349, 347]","['lightweight', 'need', 'casual', 'shirt', 'jeans', 'step', 'up', 'style', 'durable']","[10.71, 8.93, 7.14, 7.14, 7.14, 5.36, 5.36, 5.36, 5.36]"
CUST_0265,"[218, 11, 269, 314, 82, 346, 458, 349, 347]","['lightweight', 'casual', 'occasion', 'shoes', 'durable', 'step', 'up', 'style', 'jeans']","[6.94, 6.94, 6.94, 6.94, 6.94, 6.94, 6.94, 6.94, 6.94]"
CUST_0266,"[82, 304, 85, 314, 268, 91, 11, 346]","['durable', 'shirt', 'shoes', 'need', 'casual', 'step', 'up', 'style']","[12.77, 10.64, 6.38, 6.38, 6.38, 6.38, 6.38, 4.26]"
CUST_0267,"[218, 314, 269, 11, 268, 230, 208, 346, 458]","['lightweight', 'shoes', 'occasion', 'casual', 'need', 'jeans', 'step', 'up', 'style']","[14.89, 10.64, 10.64, 8.51, 6.38, 6.38, 4.26, 4.26, 4.26]"
CUST_0268,"[269, 314, 82, 218, 230, 304]","['occasion', 'shoes', 'durable', 'lightweight', 'shirt', 'casual']","[23.08, 15.38, 15.38, 7.69, 7.69, 7.69]"
CUST_0269,"[218, 304, 208, 11, 346, 458, 349, 347]","['lightweight', 'shirt', 'jeans', 'casual', 'step', 'up', 'style', 'durable']","[7.41, 7.41, 5.56, 5.56, 5.56, 5.56, 5.56, 5.56]"
CUST_0270,"[218, 82, 11, 268, 304, 85, 208, 346, 458]","['lightweight', 'durable', 'casual', 'need', 'shirt', 'jeans', 'step', 'up', 'style']","[8.33, 8.33, 6.67, 6.67, 6.67, 6.67, 5.0, 5.0, 5.0]"
CUST_0271,"[314, 218, 268, 82, 11, 32, 304, 208]","['shoes', 'lightweight', 'need', 'durable', 'casual', 'shirt', 'jeans', 'stand']","[8.89, 8.89, 6.67, 6.67, 4.44, 4.44, 4.44, 4.44]"
CUST_0272,"[82, 314, 346, 458, 349, 347, 11]","['durable', 'shoes', 'step', 'up', 'style', 'casual', 'shirt']","[9.09, 9.09, 6.49, 6.49, 6.49, 6.49, 6.49]"
CUST_0273,"[314, 11, 269, 218, 344, 270, 345, 82]","['shoes', 'casual', 'occasion', 'lightweight', 'stand', 'out', 'durable', 'jeans']","[10.61, 10.61, 9.09, 7.58, 7.58, 7.58, 7.58, 6.06]"
CUST_0274,"[11, 344, 270, 345, 346, 458, 349, 82]","['casual', 'stand', 'out', 'step', 'up', 'style', 'durable', 'shirt']","[13.16, 7.89, 7.89, 7.89, 5.26, 5.26, 5.26, 5.26]"
CUST_0275,"[82, 304, 11, 268, 344, 270, 345]","['durable', 'shirt', 'casual', 'need', 'stand', 'out', 'shoes']","[9.52, 9.52, 9.52, 7.94, 6.35, 6.35, 6.35]"
CUST_0276,"[304, 218, 346, 458, 349, 314, 347, 11]","['shirt', 'lightweight', 'step', 'up', 'style', 'shoes', 'casual', 'durable']","[8.0, 6.0, 6.0, 6.0, 6.0, 6.0, 6.0, 6.0]"
CUST_0277,"[208, 11, 82, 304, 344, 270, 345, 218, 314]","['jeans', 'casual', 'durable', 'shirt', 'stand', 'out', 'lightweight', 'shoes', 'need']","[8.42, 7.37, 7.37, 6.32, 5.26, 5.26, 5.26, 5.26, 5.26]"
CUST_0278,"[11, 218, 344, 270, 345, 208, 20, 304]","['casual', 'lightweight', 'stand', 'out', 'jeans', 'shirt', 'step', 'up']","[12.77, 6.38, 6.38, 6.38, 6.38, 6.38, 6.38, 6.38]"
CUST_0279,"[314, 11, 218, 82, 344, 270, 345, 208, 346]","['shoes', 'casual', 'lightweight', 'durable', 'stand', 'out', 'jeans', 'step', 'up']","[8.04, 7.14, 7.14, 5.36, 5.36, 5.36, 5.36, 5.36, 4.46]"
CUST_0280,"[11, 344, 270, 345, 314, 269, 208]","['casual', 'stand', 'out', 'shoes', 'occasion', 'jeans', 'durable']","[11.36, 9.09, 9.09, 9.09, 6.82, 4.55, 4.55]"
CUST_0281,"[304, 11, 346, 458, 349, 347, 218, 268, 82]","['shirt', 'casual', 'step', 'up', 'style', 'lightweight', 'need', 'durable', 'jeans']","[7.32, 7.32, 7.32, 7.32, 7.32, 7.32, 6.1, 6.1, 6.1]"
CUST_0282,"[11, 208, 82, 314, 269, 268, 20, 218]","['casual', 'jeans', 'durable', 'shoes', 'occasion', 'need', 'lightweight', 'step']","[9.43, 7.55, 7.55, 7.55, 7.55, 5.66, 5.66, 5.66]"
CUST_0283,"[346, 458, 349, 347, 218, 11, 208, 82, 304]","['step', 'up', 'style', 'lightweight', 'casual', 'jeans', 'durable', 'shirt', 'shoes']","[8.0, 8.0, 8.0, 8.0, 6.67, 6.67, 6.67, 5.33, 5.33]"
CUST_0284,"[11, 208, 218, 82, 314, 269, 268, 304, 344, 270]","['casual', 'jeans', 'lightweight', 'durable', 'shoes', 'occasion', 'need', 'shirt', 'stand', 'out']","[8.33, 8.33, 8.33, 6.94, 6.94, 6.94, 5.56, 5.56, 5.56, 5.56]"
CUST_0285,"[11, 314, 346, 458, 349, 218, 347, 269, 82]","['casual', 'shoes', 'step', 'up', 'style', 'lightweight', 'occasion', 'durable', 'jeans']","[9.21, 7.89, 6.58, 6.58, 6.58, 6.58, 6.58, 5.26, 5.26]"
CUST_0286,"[11, 208, 346, 458, 349, 347, 269, 20]","['casual', 'jeans', 'step', 'up', 'style', 'occasion', 'shirt', 'lightweight']","[13.64, 7.95, 6.82, 6.82, 6.82, 6.82, 5.68, 4.55]"
CUST_0287,"[82, 314, 208, 91, 218, 344, 270, 345]","['durable', 'shoes', 'jeans', 'lightweight', 'stand', 'out', 'casual', 'shirt']","[7.69, 6.73, 5.77, 5.77, 4.81, 4.81, 4.81, 4.81]"
CUST_0288,"[11, 344, 270, 345, 82, 218, 268, 304, 269]","['casual', 'stand', 'out', 'durable', 'lightweight', 'need', 'shirt', 'occasion', 'jeans']","[13.64, 9.09, 9.09, 9.09, 6.82, 4.55, 4.55, 4.55, 4.55]"
CUST_0289,"[11, 208, 218, 219, 82, 269, 346, 458]","['casual', 'jeans', 'lightweight', 'durable', 'occasion', 'step', 'up', 'style']","[9.76, 9.76, 6.1, 6.1, 4.88, 4.88, 4.88, 4.88]"
CUST_0290,"[304, 218, 11, 344, 270, 345, 26]","['shirt', 'lightweight', 'casual', 'stand', 'out', 'shoes', 'durable']","[8.64, 7.41, 6.17, 6.17, 6.17, 6.17, 4.94]"
CUST_0291,"[11, 208, 218, 20, 344, 270, 345, 269]","['casual', 'jeans', 'lightweight', 'stand', 'out', 'occasion', 'need', 'step']","[11.11, 11.11, 9.26, 7.41, 5.56, 5.56, 5.56, 5.56]"
CUST_0292,"[11, 346, 458, 349, 304, 347, 218, 269, 314]","['casual', 'step', 'up', 'style', 'shirt', 'lightweight', 'occasion', 'shoes', 'jeans']","[8.96, 7.46, 7.46, 7.46, 7.46, 7.46, 7.46, 5.97, 4.48]"
CUST_0293,"[11, 268, 208, 304, 20, 26, 218]","['casual', 'need', 'jeans', 'shirt', 'lightweight', 'exclusive', 'collection']","[16.67, 11.11, 11.11, 8.33, 8.33, 5.56, 5.56]"
CUST_0294,"[11, 268, 218, 314, 208, 344, 270, 345, 304]","['casual', 'need', 'lightweight', 'shoes', 'jeans', 'stand', 'out', 'shirt', 'durable']","[12.33, 9.59, 6.85, 6.85, 5.48, 5.48, 5.48, 5.48, 5.48]"
CUST_0295,"[11, 82, 218, 314, 344, 270, 345, 304, 269]","['casual', 'durable', 'lightweight', 'shoes', 'stand', 'out', 'shirt', 'occasion', 'step']","[11.9, 7.14, 4.76, 4.76, 4.76, 4.76, 4.76, 4.76, 4.76]"
CUST_0296,"[314, 11, 346, 458, 349, 347, 218, 304, 208]","['shoes', 'casual', 'step', 'up', 'style', 'lightweight', 'shirt', 'jeans', 'durable']","[8.86, 7.59, 6.33, 6.33, 6.33, 6.33, 6.33, 5.06, 5.06]"
CUST_0297,"[218, 269, 82, 304, 11, 208, 314, 91, 344]","['lightweight', 'occasion', 'durable', 'shirt', 'casual', 'jeans', 'shoes', 'stand', 'out']","[10.71, 8.93, 7.14, 7.14, 7.14, 7.14, 5.36, 5.36, 5.36]"
CUST_0298,"[218, 82, 304, 268, 346, 458, 349, 11, 347]","['lightweight', 'durable', 'shirt', 'need', 'step', 'up', 'style', 'casual', 'jeans']","[8.77, 8.77, 8.77, 8.77, 7.02, 7.02, 7.02, 7.02, 7.02]"
CUST_0299,"[208, 11, 268, 82, 218, 304, 20]","['jeans', 'casual', 'need', 'durable', 'lightweight', 'shirt', 'occasion']","[10.53, 9.21, 6.58, 6.58, 6.58, 6.58, 5.26]"
CUST_0300,"[11, 218, 208, 219, 304, 344, 270, 345]","['casual', 'lightweight', 'jeans', 'shirt', 'stand', 'out', 'step', 'up']","[8.93, 8.93, 7.14, 7.14, 5.36, 5.36, 5.36, 5.36]"
CUST_0301,"[11, 304, 218, 82, 269, 344, 270, 345, 346]","['casual', 'shirt', 'lightweight', 'durable', 'occasion', 'stand', 'out', 'step', 'up']","[10.94, 9.38, 6.25, 6.25, 6.25, 4.69, 4.69, 4.69, 4.69]"
CUST_0302,"[218, 208, 346, 458, 349, 347, 82, 11, 304]","['lightweight', 'jeans', 'step', 'up', 'style', 'durable', 'casual', 'shirt', 'need']","[8.62, 8.62, 6.9, 6.9, 6.9, 6.9, 6.9, 6.9, 5.17]"
CUST_0303,"[314, 11, 304, 218, 269, 344, 270, 345, 131]","['shoes', 'casual', 'shirt', 'lightweight', 'occasion', 'stand', 'out', 'exclusive', 'durable']","[8.06, 8.06, 6.45, 4.84, 4.84, 4.84, 4.84, 4.84, 4.84]"
CUST_0304,"[11, 344, 270, 345, 218, 314, 131, 71]","['casual', 'stand', 'out', 'lightweight', 'shoes', 'exclusive', 'collection', 'jeans']","[17.02, 6.38, 6.38, 6.38, 6.38, 6.38, 4.26, 4.26]"
CUST_0305,"[82, 346, 458, 349, 304, 347, 85]","['durable', 'step', 'up', 'style', 'shirt', 'shoes', 'casual']","[14.29, 10.71, 10.71, 10.71, 10.71, 10.71, 10.71]"
CUST_0306,"[11, 314, 32, 346, 458, 349, 82, 347]","['casual', 'shoes', 'step', 'up', 'style', 'durable', 'need', 'occasion']","[12.12, 9.09, 9.09, 9.09, 9.09, 9.09, 9.09, 9.09]"
CUST_0307,"[82, 346, 458, 349, 347, 218, 268, 314]","['durable', 'step', 'up', 'style', 'lightweight', 'need', 'shoes', 'jeans']","[10.14, 7.25, 7.25, 7.25, 7.25, 7.25, 5.8, 5.8]"
CUST_0308,"[11, 346, 458, 349, 347, 314, 304]","['casual', 'step', 'up', 'style', 'shoes', 'shirt', 'durable']","[10.42, 8.33, 8.33, 8.33, 8.33, 8.33, 6.25]"
CUST_0309,"[208, 11, 268, 20, 218, 219, 314]","['jeans', 'casual', 'need', 'lightweight', 'shoes', 'stand', 'out']","[15.62, 15.62, 12.5, 9.38, 6.25, 6.25, 6.25]"
CUST_0310,"[314, 269, 218, 208, 82, 11, 219, 91]","['shoes', 'occasion', 'lightweight', 'jeans', 'durable', 'casual', 'step', 'up']","[11.11, 8.89, 8.89, 8.89, 6.67, 6.67, 6.67, 4.44]"
CUST_0311,"[218, 314, 230, 346, 458, 349, 347]","['lightweight', 'shoes', 'step', 'up', 'style', 'stand', 'out']","[11.69, 9.09, 6.49, 5.19, 5.19, 5.19, 5.19]"
CUST_0312,"[11, 314, 208, 32, 218, 268, 219, 269]","['casual', 'shoes', 'jeans', 'lightweight', 'need', 'occasion', 'step', 'up']","[14.29, 11.9, 9.52, 9.52, 7.14, 7.14, 7.14, 4.76]"
CUST_0313,"[82, 304, 208, 269, 11, 85, 20, 268]","['durable', 'shirt', 'jeans', 'occasion', 'casual', 'need', 'stand', 'out']","[8.62, 8.62, 8.62, 6.9, 6.9, 5.17, 5.17, 5.17]"
CUST_0314,"[11, 346, 458, 349, 82, 304, 347, 208]","['casual', 'step', 'up', 'style', 'durable', 'shirt', 'jeans', 'shoes']","[10.53, 7.89, 7.89, 7.89, 7.89, 7.89, 7.89, 5.26]"
CUST_0315,"[11, 218, 304, 269, 344, 270, 345, 131]","['casual', 'lightweight', 'shirt', 'occasion', 'stand', 'out', 'exclusive', 'collection']","[10.29, 8.82, 7.35, 5.88, 5.88, 5.88, 5.88, 4.41]"
CUST_0316,"[11, 208, 314, 32, 346, 458, 349, 347]","['casual', 'jeans', 'shoes', 'step', 'up', 'style', 'stand', 'out']","[11.9, 7.14, 7.14, 7.14, 4.76, 4.76, 4.76, 4.76]"
CUST_0317,"[218, 11, 344, 270, 345, 208, 269]","['lightweight', 'casual', 'stand', 'out', 'jeans', 'occasion', 'shoes']","[9.8, 9.8, 9.8, 9.8, 9.8, 7.84, 7.84]"
CUST_0318,"[11, 269, 218, 314, 208, 344, 270, 345, 131]","['casual', 'occasion', 'lightweight', 'shoes', 'jeans', 'stand', 'out', 'exclusive', 'durable']","[12.96, 11.11, 7.41, 7.41, 5.56, 5.56, 5.56, 5.56, 3.7]"
CUST_0319,"[11, 344, 270, 345, 314, 82, 208, 91]","['casual', 'stand', 'out', 'shoes', 'durable', 'jeans', 'step', 'up']","[10.67, 9.33, 9.33, 9.33, 6.67, 5.33, 4.0, 4.0]"
CUST_0320,"[11, 304, 314, 346, 458, 349, 347, 268]","['casual', 'shirt', 'shoes', 'step', 'up', 'style', 'need', 'durable']","[12.16, 8.11, 8.11, 5.41, 5.41, 5.41, 5.41, 5.41]"
CUST_0321,"[218, 314, 11, 269, 230, 208, 346, 458, 349]","['lightweight', 'shoes', 'casual', 'occasion', 'jeans', 'step', 'up', 'style', 'shirt']","[9.84, 9.84, 8.2, 6.56, 4.92, 4.92, 3.28, 3.28, 3.28]"
CUST_0322,"[11, 218, 82, 304, 314, 268, 344, 270, 345]","['casual', 'lightweight', 'durable', 'shirt', 'shoes', 'need', 'stand', 'out', 'step']","[10.2, 8.16, 6.12, 6.12, 6.12, 6.12, 4.08, 4.08, 4.08]"
CUST_0323,"[11, 304, 26, 208, 20, 346, 458]","['casual', 'shirt', 'jeans', 'step', 'up', 'style', 'durable']","[14.55, 7.27, 5.45, 5.45, 5.45, 3.64, 3.64]"
CUST_0324,"[11, 346, 458, 349, 304, 347, 314]","['casual', 'step', 'up', 'style', 'shirt', 'shoes', 'need']","[13.73, 7.84, 7.84, 7.84, 7.84, 7.84, 7.84]"
CUST_0325,"[11, 82, 304, 208, 314, 346, 458, 349]","['casual', 'durable', 'shirt', 'jeans', 'shoes', 'step', 'up', 'style']","[9.68, 8.06, 6.45, 6.45, 4.84, 4.84, 4.84, 4.84]"
CUST_0326,"[11, 346, 458, 349, 347, 208, 344]","['casual', 'step', 'up', 'style', 'jeans', 'stand', 'out']","[11.54, 11.54, 11.54, 11.54, 11.54, 3.85, 3.85]"
CUST_0327,"[82, 304, 85, 218, 314, 131, 71, 346, 458]","['durable', 'shirt', 'lightweight', 'shoes', 'exclusive', 'collection', 'step', 'up', 'style']","[10.0, 6.25, 6.25, 6.25, 5.0, 3.75, 3.75, 3.75, 3.75]"
CUST_0328,"[82, 269, 304, 85, 314, 346, 458, 349]","['durable', 'occasion', 'shirt', 'shoes', 'step', 'up', 'style', 'casual']","[10.87, 6.52, 6.52, 6.52, 6.52, 6.52, 6.52, 6.52]"
CUST_0329,"[304, 11, 346, 458, 349, 347, 344]","['shirt', 'casual', 'step', 'up', 'style', 'stand', 'out']","[9.86, 9.86, 7.04, 7.04, 7.04, 7.04, 7.04]"
CUST_0330,"[11, 344, 270, 345, 314, 208, 218, 269]","['casual', 'stand', 'out', 'shoes', 'jeans', 'lightweight', 'occasion', 'shirt']","[13.64, 6.06, 6.06, 6.06, 6.06, 6.06, 4.55, 4.55]"
CUST_0331,"[11, 218, 208, 304, 344, 270, 219, 345]","['casual', 'lightweight', 'jeans', 'shirt', 'stand', 'out', 'need', 'step']","[10.0, 7.78, 6.67, 5.56, 4.44, 4.44, 4.44, 4.44]"
CUST_0332,"[269, 218, 82, 304, 314, 91, 11, 26]","['occasion', 'lightweight', 'durable', 'shirt', 'shoes', 'casual', 'need', 'stand']","[13.89, 11.11, 11.11, 11.11, 5.56, 5.56, 5.56, 5.56]"
CUST_0333,"[218, 11, 314, 344, 270, 345, 230, 304]","['lightweight', 'casual', 'shoes', 'stand', 'out', 'shirt', 'need', 'jeans']","[9.09, 9.09, 6.82, 6.82, 6.82, 6.82, 4.55, 4.55]"
CUST_0334,"[11, 304, 314, 346, 458, 349, 347, 82]","['casual', 'shirt', 'shoes', 'step', 'up', 'style', 'durable', 'need']","[10.53, 7.02, 7.02, 5.26, 5.26, 5.26, 5.26, 5.26]"
CUST_0335,"[218, 346, 458, 349, 11, 347, 268, 304, 314]","['lightweight', 'step', 'up', 'style', 'casual', 'need', 'shirt', 'shoes', 'durable']","[8.06, 8.06, 8.06, 8.06, 8.06, 8.06, 4.84, 4.84, 4.84]"
CUST_0336,"[346, 458, 349, 347, 82, 314, 218]","['step', 'up', 'style', 'durable', 'shoes', 'lightweight', 'occasion']","[12.5, 12.5, 12.5, 12.5, 12.5, 9.38, 6.25]"
CUST_0337,"[11, 218, 314, 344, 270, 345, 304]","['casual', 'lightweight', 'shoes', 'stand', 'out', 'shirt', 'need']","[12.5, 8.33, 8.33, 8.33, 8.33, 8.33, 8.33]"
CUST_0338,"[218, 208, 219, 11, 131, 71, 20, 304]","['lightweight', 'jeans', 'casual', 'exclusive', 'collection', 'shirt', 'need', 'shoes']","[11.36, 11.36, 6.82, 5.68, 4.55, 4.55, 4.55, 4.55]"
CUST_0339,"[218, 314, 230, 304, 208, 346, 458, 349]","['lightweight', 'shoes', 'shirt', 'jeans', 'step', 'up', 'style', 'casual']","[10.91, 9.09, 5.45, 5.45, 5.45, 5.45, 5.45, 5.45]"
CUST_0340,"[11, 304, 346, 458, 349, 347, 82, 218, 208]","['casual', 'shirt', 'step', 'up', 'style', 'durable', 'lightweight', 'jeans', 'need']","[9.68, 8.06, 8.06, 8.06, 8.06, 8.06, 4.84, 4.84, 4.84]"
CUST_0341,"[11, 314, 304, 346, 458, 349, 347, 218, 82]","['casual', 'shoes', 'shirt', 'step', 'up', 'style', 'lightweight', 'durable', 'jeans']","[8.49, 5.66, 5.66, 4.72, 4.72, 4.72, 4.72, 4.72, 4.72]"
CUST_0342,"[208, 11, 218, 268, 314, 346, 458, 349]","['jeans', 'casual', 'lightweight', 'need', 'shoes', 'step', 'up', 'style']","[10.0, 8.33, 8.33, 6.67, 6.67, 6.67, 6.67, 6.67]"
CUST_0343,"[11, 218, 208, 344, 270, 345, 304, 82]","['casual', 'lightweight', 'jeans', 'stand', 'out', 'shirt', 'durable', 'step']","[11.32, 7.55, 7.55, 7.55, 7.55, 7.55, 5.66, 5.66]"
CUST_0344,"[218, 208, 82, 219, 11, 344, 270, 345]","['lightweight', 'jeans', 'durable', 'casual', 'stand', 'out', 'shirt', 'step']","[11.43, 8.57, 5.71, 5.71, 5.71, 5.71, 5.71, 5.71]"
CUST_0345,"[218, 269, 82, 314, 91, 304, 344]","['lightweight', 'occasion', 'durable', 'shoes', 'shirt', 'stand', 'out']","[21.43, 14.29, 14.29, 7.14, 7.14, 7.14, 7.14]"
CUST_0346,"[218, 11, 314, 344, 270, 345, 82, 268]","['lightweight', 'casual', 'shoes', 'stand', 'out', 'durable', 'need', 'shirt']","[11.54, 7.69, 7.69, 7.69, 7.69, 7.69, 7.69, 7.69]"
CUST_0347,"[82, 314, 304, 85, 268, 11, 269, 32]","['durable', 'shoes', 'shirt', 'need', 'casual', 'occasion', 'step', 'up']","[13.21, 9.43, 7.55, 7.55, 7.55, 5.66, 3.77, 3.77]"
CUST_0348,"[11, 346, 458, 349, 82, 347, 269, 304]","['casual', 'step', 'up', 'style', 'durable', 'occasion', 'shirt', 'shoes']","[10.0, 10.0, 10.0, 10.0, 10.0, 10.0, 5.0, 5.0]"
CUST_0349,"[82, 268, 11, 208, 314, 344, 270, 345, 269]","['durable', 'need', 'casual', 'jeans', 'shoes', 'stand', 'out', 'occasion', 'shirt']","[10.0, 10.0, 10.0, 6.67, 6.67, 6.67, 6.67, 6.67, 6.67]"
CUST_0350,"[11, 346, 458, 349, 347, 82, 269, 208]","['casual', 'step', 'up', 'style', 'durable', 'occasion', 'jeans', 'shoes']","[13.73, 7.84, 7.84, 7.84, 7.84, 5.88, 5.88, 5.88]"
CUST_0351,"[11, 304, 208, 269, 314, 32, 218, 82]","['casual', 'shirt', 'jeans', 'occasion', 'shoes', 'lightweight', 'durable', 'exclusive']","[8.7, 8.7, 4.35, 4.35, 4.35, 4.35, 4.35, 4.35]"
CUST_0352,"[11, 314, 269, 32, 208, 344, 270, 345]","['casual', 'shoes', 'occasion', 'jeans', 'stand', 'out', 'lightweight', 'durable']","[15.38, 7.69, 7.69, 7.69, 7.69, 7.69, 7.69, 7.69]"
CUST_0353,"[218, 269, 208, 11, 346, 458, 349, 347]","['lightweight', 'occasion', 'jeans', 'casual', 'step', 'up', 'style', 'need']","[11.54, 7.69, 7.69, 7.69, 5.77, 5.77, 5.77, 5.77]"
CUST_0354,"[304, 346, 458, 349, 347, 82, 11, 85]","['shirt', 'step', 'up', 'style', 'durable', 'casual', 'lightweight', 'need']","[11.32, 9.43, 9.43, 9.43, 9.43, 7.55, 7.55, 5.66]"
CUST_0355,"[208, 218, 11, 344, 270, 345, 219, 269]","['jeans', 'lightweight', 'casual', 'stand', 'out', 'occasion', 'durable', 'shoes']","[8.14, 8.14, 6.98, 5.81, 5.81, 5.81, 4.65, 4.65]"
CUST_0356,"[11, 304, 218, 26, 208, 344, 270]","['casual', 'shirt', 'lightweight', 'jeans', 'stand', 'out', 'need']","[12.5, 10.42, 6.25, 5.21, 4.17, 4.17, 4.17]"
CUST_0357,"[11, 208, 269, 218, 304, 20, 268, 82]","['casual', 'jeans', 'occasion', 'lightweight', 'shirt', 'need', 'durable', 'shoes']","[10.32, 7.94, 7.94, 7.14, 6.35, 4.76, 4.76, 3.97]"
CUST_0358,"[218, 208, 219, 11, 304, 268, 314]","['lightweight', 'jeans', 'casual', 'shirt', 'need', 'shoes', 'exclusive']","[11.76, 7.84, 5.88, 5.88, 5.88, 5.88, 3.92]"
CUST_0359,"[218, 304, 82, 268, 85, 346, 458, 349]","['lightweight', 'shirt', 'durable', 'need', 'step', 'up', 'style', 'casual']","[9.0, 9.0, 8.0, 6.0, 6.0, 5.0, 5.0, 5.0]"
CUST_0360,"[11, 208, 82, 20, 314, 268, 346, 458]","['casual', 'jeans', 'durable', 'shoes', 'need', 'step', 'up', 'style']","[12.77, 8.51, 8.51, 6.38, 6.38, 6.38, 4.26, 4.26]"
CUST_0361,"[11, 304, 314, 218, 268, 26, 346, 458, 349]","['casual', 'shirt', 'shoes', 'lightweight', 'need', 'step', 'up', 'style', 'durable']","[9.21, 9.21, 7.89, 6.58, 5.26, 5.26, 5.26, 5.26, 5.26]"
CUST_0362,"[11, 304, 346, 458, 349, 347, 314, 218, 82]","['casual', 'shirt', 'step', 'up', 'style', 'shoes', 'lightweight', 'durable', 'jeans']","[9.52, 7.14, 7.14, 7.14, 7.14, 7.14, 4.76, 4.76, 4.76]"
CUST_0363,"[304, 82, 11, 218, 269, 346, 458, 349]","['shirt', 'durable', 'casual', 'lightweight', 'occasion', 'step', 'up', 'style']","[10.26, 7.69, 7.69, 7.69, 7.69, 5.13, 5.13, 5.13]"
CUST_0364,"[218, 304, 268, 82, 314, 344, 270, 345]","['lightweight', 'shirt', 'need', 'durable', 'shoes', 'stand', 'out', 'jeans']","[8.93, 8.93, 8.04, 8.04, 5.36, 4.46, 4.46, 4.46]"
CUST_0365,"[82, 304, 346, 458, 349, 347, 11]","['durable', 'shirt', 'step', 'up', 'style', 'casual', 'jeans']","[8.96, 7.46, 5.97, 5.97, 5.97, 5.97, 5.97]"
CUST_0366,"[11, 218, 346, 458, 349, 347, 208, 314, 304]","['casual', 'lightweight', 'step', 'up', 'style', 'jeans', 'shoes', 'shirt', 'need']","[10.84, 8.43, 6.02, 6.02, 6.02, 6.02, 6.02, 4.82, 4.82]"
CUST_0367,"[11, 218, 208, 346, 458, 349, 347]","['casual', 'lightweight', 'jeans', 'step', 'up', 'style', 'shirt']","[11.11, 6.67, 6.67, 6.67, 6.67, 6.67, 6.67]"
CUST_0368,"[11, 314, 208, 268, 32, 269, 20, 82]","['casual', 'shoes', 'jeans', 'need', 'occasion', 'durable', 'shirt', 'exclusive']","[14.29, 7.14, 7.14, 5.36, 5.36, 5.36, 5.36, 3.57]"
CUST_0369,"[314, 11, 32, 346, 458, 349, 347]","['shoes', 'casual', 'step', 'up', 'style', 'lightweight', 'durable']","[12.0, 9.0, 6.0, 6.0, 6.0, 6.0, 6.0]"
CUST_0370,"[11, 208, 20, 218, 268, 304, 26, 269]","['casual', 'jeans', 'lightweight', 'need', 'shirt', 'occasion', 'shoes', 'stand']","[18.52, 11.11, 11.11, 11.11, 7.41, 7.41, 7.41, 7.41]"
CUST_0371,"[344, 270, 345, 218, 314, 11, 208]","['stand', 'out', 'lightweight', 'shoes', 'casual', 'jeans', 'occasion']","[9.09, 9.09, 9.09, 7.27, 7.27, 7.27, 7.27]"
CUST_0372,"[304, 268, 11, 82, 85, 208]","['shirt', 'need', 'casual', 'durable', 'jeans', 'lightweight']","[14.29, 11.9, 9.52, 7.14, 7.14, 7.14]"
CUST_0373,"[11, 346, 458, 349, 347, 82, 304, 314, 218]","['casual', 'step', 'up', 'style', 'durable', 'shirt', 'shoes', 'lightweight', 'jeans']","[8.33, 7.29, 7.29, 7.29, 7.29, 6.25, 6.25, 5.21, 5.21]"
CUST_0374,"[82, 346, 458, 349, 347, 208, 218, 11, 314]","['durable', 'step', 'up', 'style', 'jeans', 'lightweight', 'casual', 'shoes', 'stand']","[6.94, 6.94, 6.94, 6.94, 6.94, 6.94, 5.56, 5.56, 4.17]"
CUST_0375,"[218, 269, 304, 82, 11, 314, 85, 208, 344]","['lightweight', 'occasion', 'shirt', 'durable', 'casual', 'shoes', 'jeans', 'stand', 'out']","[9.72, 9.72, 8.33, 6.94, 6.94, 5.56, 5.56, 5.56, 4.17]"
CUST_0376,"[314, 11, 218, 208, 82, 344, 270]","['shoes', 'casual', 'lightweight', 'jeans', 'durable', 'stand', 'out']","[10.71, 10.71, 5.36, 5.36, 5.36, 5.36, 5.36]"
CUST_0377,"[11, 314, 346, 458, 349, 347, 218, 304]","['casual', 'shoes', 'step', 'up', 'style', 'lightweight', 'shirt', 'occasion']","[8.7, 8.7, 6.52, 6.52, 6.52, 6.52, 6.52, 6.52]"
CUST_0378,"[82, 314, 208, 346, 458, 349, 11, 347, 218]","['durable', 'shoes', 'jeans', 'step', 'up', 'style', 'casual', 'lightweight', 'stand']","[7.46, 5.97, 5.97, 5.97, 5.97, 5.97, 5.97, 5.97, 4.48]"
CUST_0379,"[11, 304, 26, 218, 346, 458, 349, 347]","['casual', 'shirt', 'lightweight', 'step', 'up', 'style', 'need', 'stand']","[16.33, 12.24, 10.2, 6.12, 6.12, 6.12, 6.12, 6.12]"
CUST_0380,"[346, 458, 349, 347, 11, 208, 82, 344]","['step', 'up', 'style', 'casual', 'jeans', 'durable', 'stand', 'out']","[9.3, 9.3, 9.3, 9.3, 9.3, 9.3, 4.65, 4.65]"
CUST_0381,"[11, 314, 218, 346, 458, 349, 208, 347]","['casual', 'shoes', 'lightweight', 'step', 'up', 'style', 'jeans', 'need']","[10.71, 10.71, 8.93, 7.14, 7.14, 7.14, 7.14, 7.14]"
CUST_0382,"[11, 304, 218, 208, 268, 26, 344]","['casual', 'shirt', 'lightweight', 'jeans', 'need', 'stand', 'out']","[9.33, 8.0, 8.0, 6.67, 6.67, 4.0, 4.0]"
CUST_0383,"[218, 208, 219, 304, 82, 346, 458, 349]","['lightweight', 'jeans', 'shirt', 'durable', 'step', 'up', 'style', 'shoes']","[9.2, 6.9, 6.9, 6.9, 6.9, 4.6, 4.6, 4.6]"
CUST_0384,"[82, 268, 218, 208, 314, 304, 85, 219]","['durable', 'need', 'lightweight', 'jeans', 'shoes', 'shirt', 'step', 'up']","[11.48, 8.2, 6.56, 6.56, 6.56, 6.56, 6.56, 4.92]"
CUST_0385,"[11, 304, 82, 344, 270, 345, 346, 458]","['casual', 'shirt', 'durable', 'stand', 'out', 'step', 'up', 'style']","[9.52, 7.94, 7.94, 4.76, 4.76, 4.76, 4.76, 4.76]"
CUST_0386,"[218, 314, 268, 11, 208, 219, 82, 91]","['lightweight', 'shoes', 'need', 'casual', 'jeans', 'durable', 'shirt', 'occasion']","[14.29, 7.14, 7.14, 7.14, 7.14, 7.14, 4.76, 4.76]"
CUST_0387,"[11, 269, 218, 304, 208, 268, 20, 82]","['casual', 'occasion', 'lightweight', 'shirt', 'jeans', 'need', 'durable', 'shoes']","[9.09, 9.09, 9.09, 7.27, 5.45, 5.45, 5.45, 5.45]"
CUST_0388,"[11, 346, 458, 349, 208, 347, 20, 304]","['casual', 'step', 'up', 'style', 'jeans', 'shirt', 'lightweight', 'stand']","[8.77, 5.26, 5.26, 5.26, 5.26, 5.26, 5.26, 5.26]"
CUST_0389,"[11, 208, 20, 314, 346, 458, 349, 347]","['casual', 'jeans', 'shoes', 'step', 'up', 'style', 'need', 'occasion']","[13.89, 8.33, 8.33, 8.33, 5.56, 5.56, 5.56, 5.56]"
CUST_0390,"[82, 346, 458, 349, 347, 218, 304, 314]","['durable', 'step', 'up', 'style', 'lightweight', 'shirt', 'shoes', 'casual']","[9.72, 8.33, 8.33, 8.33, 8.33, 5.56, 5.56, 4.17]"
CUST_0391,"[11, 218, 208, 269, 268, 346, 458, 349, 304]","['casual', 'lightweight', 'jeans', 'occasion', 'need', 'step', 'up', 'style', 'shirt']","[11.76, 8.82, 8.82, 5.88, 5.88, 5.88, 5.88, 5.88, 5.88]"
CUST_0392,"[11, 218, 208, 346, 458, 349, 314]","['casual', 'lightweight', 'jeans', 'step', 'up', 'style', 'shoes']","[14.81, 7.41, 7.41, 7.41, 7.41, 7.41, 7.41]"
CUST_0393,"[218, 344, 270, 345, 304, 82, 208]","['lightweight', 'stand', 'out', 'shirt', 'durable', 'jeans', 'shoes']","[10.34, 8.62, 8.62, 8.62, 6.9, 6.9, 5.17]"
CUST_0394,"[346, 458, 349, 11, 347, 269, 314, 32]","['step', 'up', 'style', 'casual', 'occasion', 'shoes', 'durable', 'lightweight']","[11.11, 11.11, 11.11, 11.11, 11.11, 11.11, 7.41, 7.41]"
CUST_0395,"[218, 11, 269, 304, 268, 26, 208]","['lightweight', 'casual', 'occasion', 'shirt', 'need', 'jeans', 'stand']","[14.71, 11.76, 11.76, 8.82, 5.88, 5.88, 5.88]"
CUST_0396,"[82, 314, 346, 458, 349, 347, 218, 11, 208]","['durable', 'shoes', 'step', 'up', 'style', 'lightweight', 'casual', 'jeans', 'occasion']","[7.69, 7.69, 6.15, 6.15, 6.15, 6.15, 6.15, 4.62, 4.62]"
CUST_0397,"[344, 270, 345, 11, 314, 218, 304, 82]","['stand', 'out', 'casual', 'shoes', 'lightweight', 'shirt', 'durable', 'occasion']","[10.77, 10.77, 10.77, 7.69, 7.69, 6.15, 6.15, 6.15]"
CUST_0398,"[304, 346, 458, 349, 347, 11, 218, 82]","['shirt', 'step', 'up', 'style', 'casual', 'lightweight', 'durable', 'shoes']","[8.33, 8.33, 8.33, 8.33, 8.33, 6.67, 5.0, 5.0]"
CUST_0399,"[346, 458, 349, 347, 314, 82, 218, 230]","['step', 'up', 'style', 'shoes', 'durable', 'lightweight', 'casual', 'jeans']","[9.26, 9.26, 9.26, 9.26, 7.41, 5.56, 5.56, 5.56]"
CUST_0400,"[11, 218, 208, 304, 269, 219, 131]","['casual', 'lightweight', 'jeans', 'shirt', 'occasion', 'exclusive', 'collection']","[11.11, 7.41, 7.41, 7.41, 3.7, 3.7, 3.7]"
CUST_0401,"[269, 314, 11, 271, 1, 398, 334, 97, 344, 270]","['occasion', 'shoes', 'casual', 'premium', 'blouse', 'suit', 'slacks', 'elegant', 'stand', 'out']","[7.58, 6.06, 6.06, 6.06, 4.55, 4.55, 4.55, 3.03, 3.03, 3.03]"
CUST_0402,"[314, 271, 398, 268, 334, 344, 270, 345]","['shoes', 'premium', 'suit', 'need', 'slacks', 'stand', 'out', 'elegant']","[6.38, 5.67, 5.67, 4.96, 4.96, 4.26, 4.26, 4.26]"
CUST_0403,"[334, 11, 1, 47, 131, 71, 344, 270]","['slacks', 'casual', 'blouse', 'classic', 'exclusive', 'collection', 'stand', 'out']","[6.03, 6.03, 6.03, 5.17, 3.45, 3.45, 3.45, 3.45]"
CUST_0404,"[398, 314, 334, 97, 234, 268, 11, 47, 67]","['suit', 'shoes', 'slacks', 'elegant', 'modern', 'need', 'casual', 'classic', 'stand']","[6.82, 5.68, 5.68, 4.55, 4.55, 4.55, 3.41, 3.41, 3.41]"
CUST_0405,"[334, 271, 398, 131, 71, 47, 297, 335]","['slacks', 'premium', 'suit', 'exclusive', 'collection', 'classic', 'stand', 'out']","[10.08, 5.43, 5.43, 4.65, 4.65, 4.65, 3.1, 3.1]"
CUST_0406,"[11, 334, 398, 43, 344, 270, 345]","['casual', 'slacks', 'suit', 'stand', 'out', 'need', 'shoes']","[12.2, 7.32, 7.32, 7.32, 6.1, 6.1, 6.1]"
CUST_0407,"[398, 11, 334, 360, 314, 346, 458, 349, 47]","['suit', 'casual', 'slacks', 'stylish', 'shoes', 'step', 'up', 'style', 'classic']","[6.19, 6.19, 5.15, 4.12, 4.12, 4.12, 4.12, 4.12, 4.12]"
CUST_0408,"[334, 131, 71, 344, 270, 345, 11, 398]","['slacks', 'exclusive', 'collection', 'stand', 'out', 'casual', 'suit', 'stylish']","[6.25, 6.25, 6.25, 4.17, 4.17, 4.17, 3.12, 3.12]"
CUST_0409,"[334, 271, 344, 270, 345, 11, 360, 38]","['slacks', 'premium', 'stand', 'out', 'casual', 'stylish', 'exclusive', 'blouse']","[9.92, 4.58, 4.58, 4.58, 4.58, 4.58, 3.82, 3.82]"
CUST_0410,"[334, 47, 1, 268, 11, 398, 38, 48]","['slacks', 'classic', 'blouse', 'need', 'casual', 'suit', 'premium', 'modern']","[8.93, 7.14, 7.14, 7.14, 5.36, 5.36, 3.57, 3.57]"
CUST_0411,"[334, 11, 398, 360, 314, 97, 344, 270, 345]","['slacks', 'casual', 'suit', 'stylish', 'shoes', 'elegant', 'stand', 'out', 'step']","[7.69, 6.41, 6.41, 5.13, 5.13, 5.13, 3.85, 3.85, 3.85]"
CUST_0412,"[334, 314, 360, 271, 11, 344, 270, 345]","['slacks', 'shoes', 'stylish', 'premium', 'casual', 'stand', 'out', 'step']","[6.76, 6.76, 6.08, 4.73, 4.05, 4.05, 4.05, 4.05]"
CUST_0413,"[1, 346, 458, 349, 398, 347, 11, 131, 234]","['blouse', 'step', 'up', 'style', 'suit', 'casual', 'exclusive', 'modern', 'collection']","[5.26, 5.26, 5.26, 5.26, 5.26, 5.26, 3.95, 3.95, 3.95]"
CUST_0414,"[314, 334, 131, 71, 11, 360, 97, 136, 271]","['shoes', 'slacks', 'exclusive', 'collection', 'casual', 'stylish', 'elegant', 'premium', 'stand']","[6.67, 6.67, 5.71, 5.71, 4.76, 4.76, 2.86, 2.86, 2.86]"
CUST_0415,"[334, 11, 346, 458, 349, 347, 360, 38]","['slacks', 'casual', 'step', 'up', 'style', 'stylish', 'stand', 'out']","[6.91, 5.85, 5.85, 5.85, 5.85, 5.85, 4.26, 3.19]"
CUST_0416,"[360, 314, 334, 131, 71, 269, 271, 268, 11, 398]","['stylish', 'shoes', 'slacks', 'exclusive', 'collection', 'occasion', 'premium', 'need', 'casual', 'suit']","[7.29, 6.25, 6.25, 5.21, 5.21, 4.17, 3.12, 3.12, 3.12, 3.12]"
CUST_0417,"[334, 398, 97, 360, 47, 271, 314, 131, 71]","['slacks', 'suit', 'elegant', 'stylish', 'classic', 'premium', 'shoes', 'exclusive', 'collection']","[8.43, 6.02, 4.82, 4.82, 3.61, 3.61, 3.61, 3.61, 3.61]"
CUST_0418,"[314, 47, 398, 346, 458, 349, 347, 234, 1]","['shoes', 'classic', 'suit', 'step', 'up', 'style', 'modern', 'blouse', 'exclusive']","[5.93, 5.08, 5.08, 4.24, 4.24, 4.24, 4.24, 4.24, 3.39]"
CUST_0419,"[271, 398, 314, 11, 346, 458, 349]","['premium', 'suit', 'shoes', 'casual', 'step', 'up', 'style']","[8.7, 7.25, 7.25, 5.8, 5.8, 5.8, 5.8]"
CUST_0420,"[1, 131, 71, 234, 314, 334, 97, 271, 269]","['blouse', 'exclusive', 'collection', 'modern', 'shoes', 'slacks', 'elegant', 'premium', 'occasion']","[6.67, 5.71, 5.71, 4.76, 4.76, 4.76, 3.81, 3.81, 2.86]"
CUST_0421,"[334, 131, 360, 71, 47, 269, 314, 379]","['slacks', 'exclusive', 'stylish', 'collection', 'classic', 'occasion', 'shoes', 'casual']","[7.92, 5.94, 5.94, 5.94, 4.95, 4.95, 3.96, 3.96]"
CUST_0422,"[334, 11, 360, 38, 344, 270, 345, 346]","['slacks', 'casual', 'stylish', 'stand', 'out', 'step', 'up', 'style']","[9.76, 6.5, 5.69, 5.69, 4.07, 4.07, 4.07, 3.25]"
CUST_0423,"[334, 11, 344, 270, 345, 360, 1, 47, 268]","['slacks', 'casual', 'stand', 'out', 'stylish', 'blouse', 'classic', 'need', 'shoes']","[7.48, 7.48, 5.61, 5.61, 5.61, 4.67, 4.67, 3.74, 3.74]"
CUST_0424,"[334, 269, 131, 71, 234, 398, 271, 47, 346, 458]","['slacks', 'occasion', 'exclusive', 'collection', 'modern', 'suit', 'premium', 'classic', 'step', 'up']","[9.35, 5.04, 4.32, 4.32, 4.32, 3.6, 3.6, 2.88, 2.88, 2.88]"
CUST_0425,"[334, 398, 360, 269, 11, 47, 131, 71, 268]","['slacks', 'suit', 'stylish', 'occasion', 'casual', 'classic', 'exclusive', 'collection', 'need']","[9.02, 5.26, 5.26, 4.51, 4.51, 4.51, 3.01, 3.01, 3.01]"
CUST_0426,"[11, 334, 360, 398, 47, 314, 38, 269, 346]","['casual', 'slacks', 'stylish', 'suit', 'classic', 'shoes', 'occasion', 'step', 'up']","[7.14, 7.14, 5.95, 5.95, 5.95, 4.76, 4.76, 3.57, 3.57]"
CUST_0427,"[131, 360, 314, 71, 334, 379, 11, 344]","['exclusive', 'stylish', 'shoes', 'collection', 'slacks', 'casual', 'stand', 'out']","[4.46, 4.46, 4.46, 4.46, 4.46, 3.57, 3.57, 3.57]"
CUST_0428,"[360, 131, 71, 398, 268, 334, 314, 1, 399]","['stylish', 'exclusive', 'collection', 'suit', 'need', 'slacks', 'shoes', 'blouse', 'premium']","[5.98, 5.13, 5.13, 5.13, 4.27, 4.27, 3.42, 3.42, 3.42]"
CUST_0429,"[314, 271, 334, 290, 131, 71, 360, 268]","['shoes', 'premium', 'slacks', 'exclusive', 'collection', 'stylish', 'need', 'step']","[7.87, 6.74, 5.62, 5.62, 5.62, 5.62, 3.37, 3.37]"
CUST_0430,"[334, 360, 344, 270, 345, 234, 398, 271]","['slacks', 'stylish', 'stand', 'out', 'modern', 'suit', 'premium', 'shoes']","[7.29, 5.21, 5.21, 5.21, 5.21, 5.21, 4.17, 4.17]"
CUST_0431,"[314, 334, 271, 131, 360, 71, 344, 270, 345]","['shoes', 'slacks', 'premium', 'exclusive', 'stylish', 'collection', 'stand', 'out', 'classic']","[7.61, 7.61, 4.35, 4.35, 4.35, 4.35, 4.35, 4.35, 4.35]"
CUST_0432,"[131, 71, 1, 268, 271, 314, 334, 234, 11]","['exclusive', 'collection', 'blouse', 'need', 'premium', 'shoes', 'slacks', 'modern', 'casual']","[6.76, 6.76, 5.41, 5.41, 5.41, 5.41, 4.05, 4.05, 2.7]"
CUST_0433,"[334, 360, 314, 271, 268, 131, 11, 398, 71]","['slacks', 'stylish', 'shoes', 'premium', 'need', 'exclusive', 'casual', 'suit', 'collection']","[7.76, 7.76, 6.03, 4.31, 4.31, 3.45, 3.45, 3.45, 3.45]"
CUST_0434,"[398, 131, 71, 47, 1, 346, 458, 349, 347]","['suit', 'exclusive', 'collection', 'classic', 'blouse', 'step', 'up', 'style', 'stylish']","[5.81, 5.81, 5.81, 4.65, 4.65, 3.49, 3.49, 3.49, 3.49]"
CUST_0435,"[334, 271, 344, 270, 345, 11, 131, 71, 1]","['slacks', 'premium', 'stand', 'out', 'casual', 'exclusive', 'collection', 'blouse', 'shoes']","[6.03, 5.17, 4.31, 4.31, 4.31, 4.31, 4.31, 4.31, 3.45]"
CUST_0436,"[334, 398, 47, 344, 270, 345, 11, 268, 360]","['slacks', 'suit', 'classic', 'stand', 'out', 'casual', 'need', 'stylish', 'shoes']","[6.92, 5.38, 4.62, 4.62, 4.62, 4.62, 4.62, 3.85, 3.85]"
CUST_0437,"[334, 271, 314, 346, 458, 349, 347, 97, 11]","['slacks', 'premium', 'shoes', 'step', 'up', 'style', 'elegant', 'casual', 'suit']","[8.26, 4.13, 4.13, 4.13, 4.13, 4.13, 4.13, 4.13, 4.13]"
CUST_0438,"[334, 398, 314, 11, 131, 71, 271, 360, 346, 458]","['slacks', 'suit', 'shoes', 'casual', 'exclusive', 'collection', 'premium', 'stylish', 'step', 'up']","[6.0, 4.67, 4.67, 4.0, 4.0, 4.0, 4.0, 3.33, 3.33, 3.33]"
CUST_0439,"[1, 11, 344, 270, 345, 346, 458, 349, 47]","['blouse', 'casual', 'stand', 'out', 'step', 'up', 'style', 'classic', 'suit']","[8.33, 4.63, 3.7, 3.7, 3.7, 3.7, 3.7, 3.7, 3.7]"
CUST_0440,"[1, 131, 71, 360, 398, 334, 314, 47, 271]","['blouse', 'exclusive', 'collection', 'stylish', 'suit', 'slacks', 'shoes', 'classic', 'premium']","[6.58, 5.26, 5.26, 5.26, 3.95, 3.95, 3.95, 3.95, 2.63]"
CUST_0441,"[1, 131, 234, 71, 314, 97, 334, 269, 167]","['blouse', 'exclusive', 'modern', 'collection', 'shoes', 'elegant', 'slacks', 'occasion', 'suit']","[5.88, 5.15, 5.15, 5.15, 4.41, 4.41, 3.68, 3.68, 2.94]"
CUST_0442,"[334, 314, 271, 344, 270, 345, 47, 97, 346]","['slacks', 'shoes', 'premium', 'stand', 'out', 'classic', 'elegant', 'step', 'up']","[8.39, 5.81, 5.16, 5.16, 5.16, 5.16, 4.52, 3.23, 2.58]"
CUST_0443,"[131, 71, 334, 11, 398, 314, 315, 271]","['exclusive', 'collection', 'slacks', 'casual', 'suit', 'shoes', 'premium', 'classic']","[6.96, 6.96, 6.09, 4.35, 4.35, 3.48, 3.48, 2.61]"
CUST_0444,"[334, 97, 1, 11, 398, 131, 71, 268, 360]","['slacks', 'elegant', 'blouse', 'casual', 'suit', 'exclusive', 'collection', 'need', 'stylish']","[7.0, 7.0, 6.0, 5.0, 5.0, 4.0, 4.0, 4.0, 3.0]"
CUST_0445,"[334, 271, 360, 346, 458, 349, 347, 314]","['slacks', 'premium', 'stylish', 'step', 'up', 'style', 'shoes', 'suit']","[9.38, 6.25, 5.21, 5.21, 5.21, 5.21, 5.21, 4.17]"
CUST_0446,"[334, 271, 344, 270, 345, 314, 398, 11, 97]","['slacks', 'premium', 'stand', 'out', 'shoes', 'suit', 'casual', 'elegant', 'blouse']","[8.41, 5.61, 4.67, 4.67, 4.67, 4.67, 4.67, 3.74, 3.74]"
CUST_0447,"[334, 360, 11, 131, 71, 314, 398, 271, 38]","['slacks', 'stylish', 'casual', 'exclusive', 'collection', 'shoes', 'suit', 'premium', 'need']","[6.59, 5.49, 4.4, 4.4, 4.4, 4.4, 3.3, 3.3, 3.3]"
CUST_0448,"[334, 11, 131, 71, 38, 1, 269, 314, 360]","['slacks', 'casual', 'exclusive', 'collection', 'blouse', 'occasion', 'shoes', 'stylish', 'premium']","[7.3, 5.84, 5.11, 5.11, 3.65, 3.65, 3.65, 3.65, 2.92]"
CUST_0449,"[334, 398, 11, 314, 360, 131, 71, 271, 269, 344]","['slacks', 'suit', 'casual', 'shoes', 'stylish', 'exclusive', 'collection', 'premium', 'occasion', 'stand']","[5.56, 4.86, 4.86, 4.17, 4.17, 4.17, 4.17, 3.47, 3.47, 2.78]"
CUST_0450,"[334, 398, 11, 1, 47, 314, 360, 268, 344, 270]","['slacks', 'suit', 'casual', 'blouse', 'classic', 'shoes', 'stylish', 'need', 'stand', 'out']","[5.38, 5.38, 4.3, 4.3, 4.3, 4.3, 4.3, 4.3, 3.23, 3.23]"
CUST_0451,"[314, 271, 290, 1, 269, 11, 334, 234]","['shoes', 'premium', 'blouse', 'occasion', 'casual', 'slacks', 'modern', 'need']","[9.76, 7.32, 7.32, 4.88, 4.88, 4.88, 4.88, 3.66]"
CUST_0452,"[398, 11, 1, 334, 131, 71, 346, 458, 349]","['suit', 'casual', 'blouse', 'slacks', 'exclusive', 'collection', 'step', 'up', 'style']","[6.52, 5.43, 5.43, 4.35, 3.26, 3.26, 3.26, 3.26, 3.26]"
CUST_0453,"[334, 314, 131, 71, 11, 269, 97, 398, 234, 268]","['slacks', 'shoes', 'exclusive', 'collection', 'casual', 'occasion', 'elegant', 'suit', 'modern', 'need']","[8.33, 5.95, 4.76, 4.76, 4.76, 3.57, 3.57, 3.57, 2.38, 2.38]"
CUST_0454,"[314, 271, 334, 398, 268, 360, 11, 131, 71]","['shoes', 'premium', 'slacks', 'suit', 'need', 'stylish', 'casual', 'exclusive', 'collection']","[6.25, 5.36, 5.36, 5.36, 5.36, 4.46, 4.46, 3.57, 3.57]"
CUST_0455,"[334, 131, 71, 11, 314, 360, 1, 47, 398, 269]","['slacks', 'exclusive', 'collection', 'casual', 'shoes', 'stylish', 'blouse', 'classic', 'suit', 'occasion']","[6.55, 5.36, 5.36, 4.76, 4.17, 3.57, 2.98, 2.98, 2.98, 2.98]"
CUST_0456,"[398, 11, 334, 360, 344, 270, 345, 268]","['suit', 'casual', 'slacks', 'stylish', 'stand', 'out', 'need', 'shoes']","[8.7, 7.83, 6.09, 6.09, 5.22, 5.22, 5.22, 4.35]"
CUST_0457,"[334, 1, 346, 458, 349, 347, 11, 97, 398]","['slacks', 'blouse', 'step', 'up', 'style', 'casual', 'elegant', 'suit', 'premium']","[6.85, 5.48, 5.48, 5.48, 5.48, 5.48, 4.11, 4.11, 4.11]"
CUST_0458,"[398, 334, 97, 11, 43, 360, 123, 346]","['suit', 'slacks', 'elegant', 'casual', 'stylish', 'step', 'up', 'style']","[7.5, 6.25, 5.0, 5.0, 5.0, 5.0, 3.75, 3.75]"
CUST_0459,"[11, 314, 1, 360, 379, 334, 269]","['casual', 'shoes', 'blouse', 'stylish', 'slacks', 'occasion', 'classic']","[10.81, 10.81, 8.11, 8.11, 8.11, 5.41, 5.41]"
CUST_0460,"[334, 131, 71, 47, 335, 11, 64, 360]","['slacks', 'exclusive', 'collection', 'classic', 'casual', 'stylish', 'blouse', 'stand']","[8.7, 6.52, 6.52, 5.43, 4.35, 3.26, 3.26, 3.26]"
CUST_0461,"[398, 334, 314, 360, 11, 271, 1, 268, 346, 458]","['suit', 'slacks', 'shoes', 'stylish', 'casual', 'premium', 'blouse', 'need', 'step', 'up']","[6.94, 6.94, 5.56, 5.56, 4.17, 4.17, 2.78, 2.78, 2.78, 2.78]"
CUST_0462,"[314, 344, 270, 345, 334, 11, 97, 268, 360]","['shoes', 'stand', 'out', 'slacks', 'casual', 'elegant', 'need', 'stylish', 'suit']","[6.41, 6.41, 6.41, 6.41, 6.41, 6.41, 5.13, 3.85, 3.85]"
CUST_0463,"[334, 398, 234, 360, 269, 346, 458, 349, 347]","['slacks', 'suit', 'modern', 'stylish', 'occasion', 'step', 'up', 'style', 'exclusive']","[7.06, 4.71, 4.71, 3.53, 3.53, 3.53, 3.53, 3.53, 3.53]"
CUST_0464,"[334, 1, 131, 71, 234, 269, 344, 270, 345]","['slacks', 'blouse', 'exclusive', 'collection', 'modern', 'occasion', 'stand', 'out', 'casual']","[5.44, 4.76, 4.76, 4.76, 4.08, 4.08, 4.08, 4.08, 4.08]"
CUST_0465,"[334, 360, 314, 11, 131, 71, 47, 398, 269]","['slacks', 'stylish', 'shoes', 'casual', 'exclusive', 'collection', 'classic', 'suit', 'occasion']","[6.67, 4.0, 4.0, 4.0, 4.0, 4.0, 4.0, 4.0, 2.67]"
CUST_0466,"[314, 360, 1, 268, 234, 269, 235, 131, 11]","['shoes', 'stylish', 'blouse', 'need', 'modern', 'occasion', 'exclusive', 'casual', 'collection']","[9.43, 7.55, 7.55, 5.66, 3.77, 3.77, 3.77, 3.77, 3.77]"
CUST_0467,"[334, 131, 11, 71, 398, 344, 270, 345, 97]","['slacks', 'exclusive', 'casual', 'collection', 'suit', 'stand', 'out', 'elegant', 'shoes']","[7.92, 3.96, 3.96, 3.96, 3.96, 3.96, 3.96, 3.96, 3.96]"
CUST_0468,"[97, 334, 346, 458, 349, 347, 11, 314, 398]","['elegant', 'slacks', 'step', 'up', 'style', 'casual', 'shoes', 'suit', 'stylish']","[6.25, 6.25, 5.36, 5.36, 5.36, 5.36, 4.46, 4.46, 4.46]"
CUST_0469,"[11, 1, 398, 346, 458, 349, 334, 347, 47]","['casual', 'blouse', 'suit', 'step', 'up', 'style', 'slacks', 'classic', 'modern']","[4.76, 4.76, 4.76, 4.76, 4.76, 4.76, 4.76, 4.76, 3.57]"
CUST_0470,"[314, 268, 334, 271, 290, 47, 1, 11, 398]","['shoes', 'need', 'slacks', 'premium', 'classic', 'blouse', 'casual', 'suit', 'modern']","[7.87, 7.87, 5.62, 4.49, 3.37, 3.37, 3.37, 3.37, 3.37]"
CUST_0471,"[131, 11, 71, 314, 344, 270, 345, 398, 1]","['exclusive', 'casual', 'collection', 'shoes', 'stand', 'out', 'suit', 'blouse', 'slacks']","[4.76, 4.76, 4.76, 4.76, 4.76, 4.76, 4.76, 3.57, 3.57]"
CUST_0472,"[334, 11, 38, 268, 344, 270, 345, 360]","['slacks', 'casual', 'need', 'stand', 'out', 'stylish', 'classic', 'suit']","[9.84, 6.56, 6.56, 6.56, 4.92, 4.92, 4.92, 4.92]"
CUST_0473,"[334, 360, 344, 270, 345, 131, 71, 11]","['slacks', 'stylish', 'stand', 'out', 'exclusive', 'collection', 'casual', 'suit']","[5.6, 4.8, 4.8, 4.8, 4.8, 4.0, 4.0, 4.0]"
CUST_0474,"[398, 271, 346, 458, 349, 347, 334, 269, 47]","['suit', 'premium', 'step', 'up', 'style', 'slacks', 'occasion', 'classic', 'stylish']","[8.16, 6.12, 6.12, 6.12, 6.12, 6.12, 6.12, 6.12, 4.08]"
CUST_0475,"[11, 334, 38, 131, 314, 71, 97, 268]","['casual', 'slacks', 'exclusive', 'shoes', 'collection', 'elegant', 'need', 'classic']","[7.78, 7.78, 6.67, 5.56, 5.56, 5.56, 4.44, 3.33]"
CUST_0476,"[334, 131, 11, 1, 71, 360, 314, 2, 234]","['slacks', 'exclusive', 'casual', 'blouse', 'collection', 'stylish', 'shoes', 'modern', 'occasion']","[5.48, 4.79, 4.79, 4.79, 4.79, 4.11, 4.11, 2.74, 2.74]"
CUST_0477,"[360, 334, 314, 398, 268, 11, 271, 269]","['stylish', 'slacks', 'shoes', 'suit', 'need', 'casual', 'premium', 'occasion']","[7.05, 6.41, 6.41, 5.13, 4.49, 3.85, 3.85, 3.21]"
CUST_0478,"[334, 11, 271, 1, 314, 269, 344, 270, 345]","['slacks', 'casual', 'premium', 'blouse', 'shoes', 'occasion', 'stand', 'out', 'step']","[6.98, 5.43, 3.88, 3.88, 3.88, 3.88, 3.1, 3.1, 3.1]"
CUST_0479,"[334, 346, 458, 349, 347, 131, 71, 11, 47]","['slacks', 'step', 'up', 'style', 'exclusive', 'collection', 'casual', 'classic', 'suit']","[9.3, 5.81, 5.81, 5.81, 5.81, 3.49, 3.49, 3.49, 3.49]"
CUST_0480,"[334, 1, 47, 271, 344, 270, 345, 11]","['slacks', 'blouse', 'classic', 'premium', 'stand', 'out', 'casual', 'shoes']","[7.41, 6.17, 4.94, 4.94, 4.94, 4.94, 4.94, 4.94]"
CUST_0481,"[47, 314, 11, 334, 131, 71, 398, 344, 270]","['classic', 'shoes', 'casual', 'slacks', 'exclusive', 'collection', 'suit', 'stand', 'out']","[5.71, 5.71, 5.71, 5.71, 5.71, 5.71, 4.29, 4.29, 4.29]"
CUST_0482,"[334, 314, 11, 271, 344, 270, 345, 97, 131]","['slacks', 'shoes', 'casual', 'premium', 'stand', 'out', 'elegant', 'exclusive', 'collection']","[5.23, 5.23, 4.58, 3.92, 3.92, 3.92, 3.92, 3.92, 3.92]"
CUST_0483,"[314, 360, 334, 11, 379, 346, 458, 349]","['shoes', 'stylish', 'slacks', 'casual', 'step', 'up', 'style', 'premium']","[8.33, 7.58, 6.82, 5.3, 4.55, 4.55, 4.55, 4.55]"
CUST_0484,"[268, 334, 360, 314, 1, 269, 11, 398, 271, 234]","['need', 'slacks', 'stylish', 'shoes', 'blouse', 'occasion', 'casual', 'suit', 'premium', 'modern']","[7.44, 6.61, 5.79, 5.79, 4.96, 4.96, 4.96, 3.31, 3.31, 2.48]"
CUST_0485,"[334, 97, 11, 38, 344, 270, 345, 314]","['slacks', 'elegant', 'casual', 'stand', 'out', 'shoes', 'premium', 'exclusive']","[8.04, 5.36, 5.36, 4.46, 4.46, 4.46, 4.46, 4.46]"
CUST_0486,"[47, 398, 11, 1, 334, 268, 131, 71, 269, 97]","['classic', 'suit', 'casual', 'blouse', 'slacks', 'need', 'exclusive', 'collection', 'occasion', 'elegant']","[5.74, 5.74, 5.74, 5.74, 5.74, 4.1, 4.1, 4.1, 3.28, 3.28]"
CUST_0487,"[344, 270, 345, 334, 11, 314, 97]","['stand', 'out', 'slacks', 'casual', 'shoes', 'elegant', 'premium']","[7.14, 7.14, 7.14, 7.14, 7.14, 5.95, 3.57]"
CUST_0488,"[334, 398, 360, 131, 71, 271, 268, 314, 344, 270]","['slacks', 'suit', 'stylish', 'exclusive', 'collection', 'premium', 'need', 'shoes', 'stand', 'out']","[6.67, 5.56, 5.56, 4.44, 4.44, 4.44, 4.44, 3.33, 3.33, 3.33]"
CUST_0489,"[314, 398, 269, 11, 131, 71, 97, 1, 346, 458]","['shoes', 'suit', 'occasion', 'casual', 'exclusive', 'collection', 'elegant', 'blouse', 'step', 'up']","[5.38, 5.38, 5.38, 4.3, 4.3, 4.3, 4.3, 4.3, 3.23, 3.23]"
CUST_0490,"[346, 458, 349, 314, 347, 398, 47, 360]","['step', 'up', 'style', 'shoes', 'suit', 'classic', 'stylish', 'elegant']","[6.85, 6.85, 6.85, 6.85, 6.85, 6.85, 5.48, 4.11]"
CUST_0491,"[398, 11, 1, 269, 47, 67, 314, 334, 360]","['suit', 'casual', 'blouse', 'occasion', 'classic', 'shoes', 'slacks', 'stylish', 'stand']","[7.14, 7.14, 5.36, 4.46, 3.57, 3.57, 3.57, 3.57, 3.57]"
CUST_0492,"[334, 360, 314, 344, 270, 345, 268, 131, 71]","['slacks', 'stylish', 'shoes', 'stand', 'out', 'need', 'exclusive', 'collection', 'step']","[10.87, 4.35, 4.35, 4.35, 4.35, 4.35, 3.26, 3.26, 3.26]"
CUST_0493,"[334, 314, 11, 269, 97, 360, 344, 270, 345]","['slacks', 'shoes', 'casual', 'occasion', 'elegant', 'stylish', 'stand', 'out', 'classic']","[7.32, 6.5, 4.07, 4.07, 4.07, 4.07, 4.07, 4.07, 4.07]"
CUST_0494,"[334, 398, 11, 97, 268, 360, 346, 458, 349]","['slacks', 'suit', 'casual', 'elegant', 'need', 'stylish', 'step', 'up', 'style']","[7.94, 5.56, 4.76, 3.97, 3.97, 3.97, 3.97, 3.97, 3.97]"
CUST_0495,"[334, 271, 11, 314, 131, 71, 344, 270]","['slacks', 'premium', 'casual', 'shoes', 'exclusive', 'collection', 'stand', 'out']","[8.24, 5.88, 5.88, 5.88, 4.71, 4.71, 3.53, 3.53]"
CUST_0496,"[314, 344, 270, 345, 47, 334, 271, 360, 1]","['shoes', 'stand', 'out', 'classic', 'slacks', 'premium', 'stylish', 'blouse', 'casual']","[9.45, 5.51, 5.51, 5.51, 4.72, 3.94, 3.94, 3.15, 3.15]"
CUST_0497,"[11, 131, 334, 71, 314, 38, 234]","['casual', 'exclusive', 'slacks', 'collection', 'shoes', 'modern', 'classic']","[7.69, 6.41, 6.41, 6.41, 5.13, 3.85, 3.85]"
CUST_0498,"[314, 334, 271, 97, 398, 346, 458, 349, 347]","['shoes', 'slacks', 'premium', 'elegant', 'suit', 'step', 'up', 'style', 'stylish']","[7.14, 7.14, 4.55, 4.55, 3.9, 3.9, 3.9, 3.9, 3.9]"
CUST_0499,"[334, 344, 270, 345, 269, 97, 131, 71, 11]","['slacks', 'stand', 'out', 'occasion', 'elegant', 'exclusive', 'collection', 'casual', 'classic']","[8.33, 5.56, 5.56, 5.56, 5.56, 4.63, 4.63, 4.63, 3.7]"
CUST_0500,"[314, 131, 71, 344, 270, 345, 1, 334, 360]","['shoes', 'exclusive', 'collection', 'stand', 'out', 'blouse', 'slacks', 'stylish', 'casual']","[6.34, 4.93, 4.93, 4.23, 4.23, 4.23, 4.23, 4.23, 4.23]"
